<?xml version="1.0" encoding="utf-8"?>
<ode><userPreferences><userPreference><key>theme</key><value>base</value></userPreference></userPreferences><odeResources><odeResource><key>odeVersionId</key><value>20251211173704WJNEHK</value></odeResource><odeResource><key>odeId</key><value>20251207041925OFLPUB</value></odeResource><odeResource><key>odeVersionName</key><value>0</value></odeResource><odeResource><key>isDownload</key><value>true</value></odeResource><odeResource><key>eXeVersion</key><value>v3.0.1</value></odeResource></odeResources><odeProperties><odeProperty><key>pp_title</key><value>Explorando el Origen del Universo: Ciencia, Tiempo y Transformación</value></odeProperty><odeProperty><key>pp_subtitle</key><value/></odeProperty><odeProperty><key>pp_lang</key><value/></odeProperty><odeProperty><key>pp_author</key><value/></odeProperty><odeProperty><key>license</key><value>creative commons: attribution - share alike 4.0</value></odeProperty><odeProperty><key>pp_description</key><value/></odeProperty><odeProperty><key>exportSource</key><value>true</value></odeProperty><odeProperty><key>pp_addExeLink</key><value>true</value></odeProperty><odeProperty><key>pp_addPagination</key><value>false</value></odeProperty><odeProperty><key>pp_addSearchBox</key><value>false</value></odeProperty><odeProperty><key>pp_addAccessibilityToolbar</key><value>false</value></odeProperty><odeProperty><key>pp_extraHeadContent</key><value/></odeProperty><odeProperty><key>footer</key><value/></odeProperty></odeProperties><odeNavStructures><odeNavStructure><odePageId>20251211173704MCMYRK</odePageId><odeParentPageId/><pageName>Pregunta Inicial</pageName><odeNavStructureOrder>1</odeNavStructureOrder><odeNavStructureProperties><odeNavStructureProperty><key>titleNode</key><value>Pregunta Inicial</value></odeNavStructureProperty><odeNavStructureProperty><key>hidePageTitle</key><value>false</value></odeNavStructureProperty><odeNavStructureProperty><key>titleHtml</key><value/></odeNavStructureProperty><odeNavStructureProperty><key>editableInPage</key><value>false</value></odeNavStructureProperty><odeNavStructureProperty><key>titlePage</key><value>Pregunta Inicial</value></odeNavStructureProperty><odeNavStructureProperty><key>visibility</key><value>true</value></odeNavStructureProperty><odeNavStructureProperty><key>highlight</key><value>false</value></odeNavStructureProperty><odeNavStructureProperty><key>description</key><value/></odeNavStructureProperty></odeNavStructureProperties><odePagStructures><odePagStructure><odePageId>20251211173704MCMYRK</odePageId><odeBlockId>20251211173704UEXOHM</odeBlockId><blockName>Pregunta inicial</blockName><iconName>ask</iconName><odePagStructureOrder>1</odePagStructureOrder><odePagStructureProperties><odePagStructureProperty><key>visibility</key><value>true</value></odePagStructureProperty><odePagStructureProperty><key>teacherOnly</key><value>false</value></odePagStructureProperty><odePagStructureProperty><key>allowToggle</key><value>true</value></odePagStructureProperty><odePagStructureProperty><key>minimized</key><value>false</value></odePagStructureProperty><odePagStructureProperty><key>identifier</key><value/></odePagStructureProperty><odePagStructureProperty><key>cssClass</key><value/></odePagStructureProperty></odePagStructureProperties><odeComponents><odeComponent><odePageId>20251211173704MCMYRK</odePageId><odeBlockId>20251211173704UEXOHM</odeBlockId><odeIdeviceId>20251207134458268CBH</odeIdeviceId><odeIdeviceTypeName>text</odeIdeviceTypeName><htmlView>&lt;div class="exe-text-template"&gt;&lt;div class="textIdeviceContent"&gt;
            &lt;div class="exe-text-activity"&gt;
                &lt;div&gt;&lt;p&gt;¿De dónde salió el universo y cómo llegó a ser tan grande?&lt;/p&gt;&lt;p class="clearfix"&gt;&lt;/p&gt;&lt;/div&gt;
            &lt;/div&gt;&lt;/div&gt;&lt;/div&gt;</htmlView><jsonProperties>{"ideviceId":"20251207134458268CBH","textInfoDurationInput":"","textInfoDurationTextInput":"Duración","textInfoParticipantsInput":"","textInfoParticipantsTextInput":"Agrupamiento","textTextarea":"&lt;p&gt;¿De dónde salió el universo y cómo llegó a ser tan grande?&lt;/p&gt;","textFeedbackInput":"Mostrar retroalimentación","textFeedbackTextarea":""}</jsonProperties><odeComponentsOrder>1</odeComponentsOrder><odeComponentsProperties><odeComponentsProperty><key>visibility</key><value>true</value></odeComponentsProperty><odeComponentsProperty><key>teacherOnly</key><value>false</value></odeComponentsProperty><odeComponentsProperty><key>identifier</key><value/></odeComponentsProperty><odeComponentsProperty><key>cssClass</key><value/></odeComponentsProperty></odeComponentsProperties></odeComponent></odeComponents></odePagStructure></odePagStructures></odeNavStructure><odeNavStructure><odePageId>20251211173704DEVNAG</odePageId><odeParentPageId/><pageName>Secuencia didactica </pageName><odeNavStructureOrder>2</odeNavStructureOrder><odeNavStructureProperties><odeNavStructureProperty><key>titleNode</key><value/></odeNavStructureProperty><odeNavStructureProperty><key>hidePageTitle</key><value>false</value></odeNavStructureProperty><odeNavStructureProperty><key>titleHtml</key><value/></odeNavStructureProperty><odeNavStructureProperty><key>editableInPage</key><value>false</value></odeNavStructureProperty><odeNavStructureProperty><key>titlePage</key><value>Secuencia didactica </value></odeNavStructureProperty><odeNavStructureProperty><key>visibility</key><value>true</value></odeNavStructureProperty><odeNavStructureProperty><key>highlight</key><value>false</value></odeNavStructureProperty><odeNavStructureProperty><key>description</key><value/></odeNavStructureProperty></odeNavStructureProperties><odePagStructures><odePagStructure><odePageId>20251211173704DEVNAG</odePageId><odeBlockId>20251211173704SOOBMP</odeBlockId><blockName>Texto</blockName><iconName/><odePagStructureOrder>1</odePagStructureOrder><odePagStructureProperties><odePagStructureProperty><key>visibility</key><value>true</value></odePagStructureProperty><odePagStructureProperty><key>teacherOnly</key><value>false</value></odePagStructureProperty><odePagStructureProperty><key>allowToggle</key><value>true</value></odePagStructureProperty><odePagStructureProperty><key>minimized</key><value>false</value></odePagStructureProperty><odePagStructureProperty><key>identifier</key><value/></odePagStructureProperty><odePagStructureProperty><key>cssClass</key><value/></odePagStructureProperty></odePagStructureProperties><odeComponents><odeComponent><odePageId>20251211173704DEVNAG</odePageId><odeBlockId>20251211173704SOOBMP</odeBlockId><odeIdeviceId>202512071413354072R7</odeIdeviceId><odeIdeviceTypeName>text</odeIdeviceTypeName><htmlView>&lt;div class="exe-text-template"&gt;&lt;div class="textIdeviceContent"&gt;
            &lt;div class="exe-text-activity"&gt;
                &lt;div&gt;&lt;p&gt;8. Secuencia didáctica (plan de 3 meses)&lt;br&gt;Duración aproximada: 12 semanas – 3 meses&lt;br&gt;(1 sesión por semana de 2 horas o 2 sesiones por semana de 1 hora)&lt;/p&gt;
&lt;p&gt;&lt;/p&gt;&lt;p class="clearfix"&gt;&lt;/p&gt;&lt;/div&gt;
            &lt;/div&gt;&lt;/div&gt;&lt;/div&gt;</htmlView><jsonProperties>{"ideviceId":"202512071413354072R7","textInfoDurationInput":"","textInfoDurationTextInput":"Duración","textInfoParticipantsInput":"","textInfoParticipantsTextInput":"Agrupamiento","textTextarea":"&lt;p&gt;8. Secuencia didáctica (plan de 3 meses)&lt;br /&gt;Duración aproximada: 12 semanas – 3 meses&lt;br /&gt;(1 sesión por semana de 2 horas o 2 sesiones por semana de 1 hora)&lt;/p&gt;\n&lt;p&gt;&lt;/p&gt;","textFeedbackInput":"Mostrar retroalimentación","textFeedbackTextarea":""}</jsonProperties><odeComponentsOrder>1</odeComponentsOrder><odeComponentsProperties><odeComponentsProperty><key>visibility</key><value>true</value></odeComponentsProperty><odeComponentsProperty><key>teacherOnly</key><value>false</value></odeComponentsProperty><odeComponentsProperty><key>identifier</key><value/></odeComponentsProperty><odeComponentsProperty><key>cssClass</key><value/></odeComponentsProperty></odeComponentsProperties></odeComponent></odeComponents></odePagStructure></odePagStructures></odeNavStructure><odeNavStructure><odePageId>20251211173704CFIZYY</odePageId><odeParentPageId/><pageName>Evaluación</pageName><odeNavStructureOrder>3</odeNavStructureOrder><odeNavStructureProperties><odeNavStructureProperty><key>titleNode</key><value/></odeNavStructureProperty><odeNavStructureProperty><key>hidePageTitle</key><value>false</value></odeNavStructureProperty><odeNavStructureProperty><key>titleHtml</key><value/></odeNavStructureProperty><odeNavStructureProperty><key>editableInPage</key><value>false</value></odeNavStructureProperty><odeNavStructureProperty><key>titlePage</key><value>Evaluación</value></odeNavStructureProperty><odeNavStructureProperty><key>visibility</key><value>true</value></odeNavStructureProperty><odeNavStructureProperty><key>highlight</key><value>false</value></odeNavStructureProperty><odeNavStructureProperty><key>description</key><value/></odeNavStructureProperty></odeNavStructureProperties><odePagStructures><odePagStructure><odePageId>20251211173704CFIZYY</odePageId><odeBlockId>20251211173704GPXHLP</odeBlockId><blockName>Texto</blockName><iconName/><odePagStructureOrder>1</odePagStructureOrder><odePagStructureProperties><odePagStructureProperty><key>visibility</key><value>true</value></odePagStructureProperty><odePagStructureProperty><key>teacherOnly</key><value>false</value></odePagStructureProperty><odePagStructureProperty><key>allowToggle</key><value>true</value></odePagStructureProperty><odePagStructureProperty><key>minimized</key><value>false</value></odePagStructureProperty><odePagStructureProperty><key>identifier</key><value/></odePagStructureProperty><odePagStructureProperty><key>cssClass</key><value/></odePagStructureProperty></odePagStructureProperties><odeComponents><odeComponent><odePageId>20251211173704CFIZYY</odePageId><odeBlockId>20251211173704GPXHLP</odeBlockId><odeIdeviceId>20251207143612521KNX</odeIdeviceId><odeIdeviceTypeName>text</odeIdeviceTypeName><htmlView>&lt;div class="exe-text-template"&gt;&lt;div class="textIdeviceContent"&gt;
            &lt;div class="exe-text-activity"&gt;
                &lt;div&gt;&lt;p&gt;-Instrumentos&lt;br&gt;Rúbricas de desempeño.&lt;br&gt;Cuaderno de trabajo.&lt;br&gt;Proyecto digital en eXeLearning.&lt;br&gt;Participación y trabajo en equipo.&lt;br&gt;Producto escrito (línea de tiempo, mapas conceptuales).&lt;br&gt;-Criterios&lt;br&gt;Comprensión del origen del universo.&lt;br&gt;Uso adecuado del vocabulario científico.&lt;br&gt;Capacidad de argumentación.&lt;br&gt;Creatividad y uso correcto de la herramienta digital.&lt;br&gt;Responsabilidad y compromiso.&lt;/p&gt;
&lt;p&gt;Evaluacion interactiva del tema: &lt;a href="https://view.genially.com/680dacd8a9d5399ccfa6b3e8/interactive-content-teorias-sobre-el-origen-y-evolucion-del-universo"&gt;https://view.genially.com/680dacd8a9d5399ccfa6b3e8/interactive-content-teorias-sobre-el-origen-y-evolucion-del-universo&lt;/a&gt;&amp;nbsp;&lt;/p&gt;&lt;p class="clearfix"&gt;&lt;/p&gt;&lt;/div&gt;
            &lt;/div&gt;&lt;/div&gt;&lt;/div&gt;</htmlView><jsonProperties>{"ideviceId":"20251207143612521KNX","textInfoDurationInput":"","textInfoDurationTextInput":"Duración","textInfoParticipantsInput":"","textInfoParticipantsTextInput":"Agrupamiento","textTextarea":"&lt;p&gt;-Instrumentos&lt;br /&gt;Rúbricas de desempeño.&lt;br /&gt;Cuaderno de trabajo.&lt;br /&gt;Proyecto digital en eXeLearning.&lt;br /&gt;Participación y trabajo en equipo.&lt;br /&gt;Producto escrito (línea de tiempo, mapas conceptuales).&lt;br /&gt;-Criterios&lt;br /&gt;Comprensión del origen del universo.&lt;br /&gt;Uso adecuado del vocabulario científico.&lt;br /&gt;Capacidad de argumentación.&lt;br /&gt;Creatividad y uso correcto de la herramienta digital.&lt;br /&gt;Responsabilidad y compromiso.&lt;/p&gt;\n&lt;p&gt;Evaluacion interactiva del tema: &lt;a href=\"https://view.genially.com/680dacd8a9d5399ccfa6b3e8/interactive-content-teorias-sobre-el-origen-y-evolucion-del-universo\"&gt;https://view.genially.com/680dacd8a9d5399ccfa6b3e8/interactive-content-teorias-sobre-el-origen-y-evolucion-del-universo&lt;/a&gt; &lt;/p&gt;","textFeedbackInput":"Mostrar retroalimentación","textFeedbackTextarea":""}</jsonProperties><odeComponentsOrder>1</odeComponentsOrder><odeComponentsProperties><odeComponentsProperty><key>visibility</key><value>true</value></odeComponentsProperty><odeComponentsProperty><key>teacherOnly</key><value>false</value></odeComponentsProperty><odeComponentsProperty><key>identifier</key><value/></odeComponentsProperty><odeComponentsProperty><key>cssClass</key><value/></odeComponentsProperty></odeComponentsProperties></odeComponent></odeComponents></odePagStructure></odePagStructures></odeNavStructure><odeNavStructure><odePageId>20251211173704QLJCXA</odePageId><odeParentPageId/><pageName>Recursos</pageName><odeNavStructureOrder>4</odeNavStructureOrder><odeNavStructureProperties><odeNavStructureProperty><key>titleNode</key><value/></odeNavStructureProperty><odeNavStructureProperty><key>hidePageTitle</key><value>false</value></odeNavStructureProperty><odeNavStructureProperty><key>titleHtml</key><value/></odeNavStructureProperty><odeNavStructureProperty><key>editableInPage</key><value>false</value></odeNavStructureProperty><odeNavStructureProperty><key>titlePage</key><value>Recursos</value></odeNavStructureProperty><odeNavStructureProperty><key>visibility</key><value>true</value></odeNavStructureProperty><odeNavStructureProperty><key>highlight</key><value>false</value></odeNavStructureProperty><odeNavStructureProperty><key>description</key><value/></odeNavStructureProperty></odeNavStructureProperties><odePagStructures><odePagStructure><odePageId>20251211173704QLJCXA</odePageId><odeBlockId>20251211173704RZVBMZ</odeBlockId><blockName>Texto</blockName><iconName/><odePagStructureOrder>1</odePagStructureOrder><odePagStructureProperties><odePagStructureProperty><key>visibility</key><value>true</value></odePagStructureProperty><odePagStructureProperty><key>teacherOnly</key><value>false</value></odePagStructureProperty><odePagStructureProperty><key>allowToggle</key><value>true</value></odePagStructureProperty><odePagStructureProperty><key>minimized</key><value>false</value></odePagStructureProperty><odePagStructureProperty><key>identifier</key><value/></odePagStructureProperty><odePagStructureProperty><key>cssClass</key><value/></odePagStructureProperty></odePagStructureProperties><odeComponents><odeComponent><odePageId>20251211173704QLJCXA</odePageId><odeBlockId>20251211173704RZVBMZ</odeBlockId><odeIdeviceId>202512071437380737OZ</odeIdeviceId><odeIdeviceTypeName>text</odeIdeviceTypeName><htmlView>&lt;div class="exe-text-template"&gt;&lt;div class="textIdeviceContent"&gt;
            &lt;div class="exe-text-activity"&gt;
                &lt;div&gt;&lt;p&gt;&lt;br&gt;-Lecturas digitales.&lt;br&gt;-Videos educativos (descripciones sin imágenes).&lt;br&gt;-Simulaciones interactivas (p. ej., expansión del universo).&lt;br&gt;-eXeLearning.&lt;br&gt;-Cuadernos, fichas de trabajo.&lt;br&gt;-Material bibliográfico escolar.&lt;/p&gt;&lt;p class="clearfix"&gt;&lt;/p&gt;&lt;/div&gt;
            &lt;/div&gt;&lt;/div&gt;&lt;/div&gt;</htmlView><jsonProperties>{"ideviceId":"202512071437380737OZ","textInfoDurationInput":"","textInfoDurationTextInput":"Duración","textInfoParticipantsInput":"","textInfoParticipantsTextInput":"Agrupamiento","textTextarea":"&lt;p&gt;&lt;br /&gt;-Lecturas digitales.&lt;br /&gt;-Videos educativos (descripciones sin imágenes).&lt;br /&gt;-Simulaciones interactivas (p. ej., expansión del universo).&lt;br /&gt;-eXeLearning.&lt;br /&gt;-Cuadernos, fichas de trabajo.&lt;br /&gt;-Material bibliográfico escolar.&lt;/p&gt;","textFeedbackInput":"Mostrar retroalimentación","textFeedbackTextarea":""}</jsonProperties><odeComponentsOrder>1</odeComponentsOrder><odeComponentsProperties><odeComponentsProperty><key>visibility</key><value>true</value></odeComponentsProperty><odeComponentsProperty><key>teacherOnly</key><value>false</value></odeComponentsProperty><odeComponentsProperty><key>identifier</key><value/></odeComponentsProperty><odeComponentsProperty><key>cssClass</key><value/></odeComponentsProperty></odeComponentsProperties></odeComponent></odeComponents></odePagStructure></odePagStructures></odeNavStructure><odeNavStructure><odePageId>20251211173704OYFQNX</odePageId><odeParentPageId/><pageName>Producto Final</pageName><odeNavStructureOrder>5</odeNavStructureOrder><odeNavStructureProperties><odeNavStructureProperty><key>titleNode</key><value/></odeNavStructureProperty><odeNavStructureProperty><key>hidePageTitle</key><value>false</value></odeNavStructureProperty><odeNavStructureProperty><key>titleHtml</key><value/></odeNavStructureProperty><odeNavStructureProperty><key>editableInPage</key><value>false</value></odeNavStructureProperty><odeNavStructureProperty><key>titlePage</key><value>Producto Final</value></odeNavStructureProperty><odeNavStructureProperty><key>visibility</key><value>true</value></odeNavStructureProperty><odeNavStructureProperty><key>highlight</key><value>false</value></odeNavStructureProperty><odeNavStructureProperty><key>description</key><value/></odeNavStructureProperty></odeNavStructureProperties><odePagStructures><odePagStructure><odePageId>20251211173704OYFQNX</odePageId><odeBlockId>20251211173704TAUBOQ</odeBlockId><blockName>Texto</blockName><iconName/><odePagStructureOrder>1</odePagStructureOrder><odePagStructureProperties><odePagStructureProperty><key>visibility</key><value>true</value></odePagStructureProperty><odePagStructureProperty><key>teacherOnly</key><value>false</value></odePagStructureProperty><odePagStructureProperty><key>allowToggle</key><value>true</value></odePagStructureProperty><odePagStructureProperty><key>minimized</key><value>false</value></odePagStructureProperty><odePagStructureProperty><key>identifier</key><value/></odePagStructureProperty><odePagStructureProperty><key>cssClass</key><value/></odePagStructureProperty></odePagStructureProperties><odeComponents><odeComponent><odePageId>20251211173704OYFQNX</odePageId><odeBlockId>20251211173704TAUBOQ</odeBlockId><odeIdeviceId>20251207144001344093</odeIdeviceId><odeIdeviceTypeName>text</odeIdeviceTypeName><htmlView>&lt;div class="exe-text-template"&gt;&lt;div class="textIdeviceContent"&gt;
            &lt;div class="exe-text-activity"&gt;
                &lt;div&gt;&lt;p&gt;Recurso digital creado en eXeLearning que contenga:&lt;/p&gt;
&lt;p&gt;Explicación del origen del universo.&lt;br&gt;Línea de tiempo.&lt;br&gt;Mapa conceptual.&lt;br&gt;Actividades interactivas&lt;/p&gt;&lt;p class="clearfix"&gt;&lt;/p&gt;&lt;/div&gt;
            &lt;/div&gt;&lt;/div&gt;&lt;/div&gt;</htmlView><jsonProperties>{"ideviceId":"20251207144001344093","textInfoDurationInput":"","textInfoDurationTextInput":"Duración","textInfoParticipantsInput":"","textInfoParticipantsTextInput":"Agrupamiento","textTextarea":"&lt;p&gt;Recurso digital creado en eXeLearning que contenga:&lt;/p&gt;\n&lt;p&gt;Explicación del origen del universo.&lt;br /&gt;Línea de tiempo.&lt;br /&gt;Mapa conceptual.&lt;br /&gt;Actividades interactivas&lt;/p&gt;","textFeedbackInput":"Mostrar retroalimentación","textFeedbackTextarea":""}</jsonProperties><odeComponentsOrder>1</odeComponentsOrder><odeComponentsProperties><odeComponentsProperty><key>visibility</key><value>true</value></odeComponentsProperty><odeComponentsProperty><key>teacherOnly</key><value>false</value></odeComponentsProperty><odeComponentsProperty><key>identifier</key><value/></odeComponentsProperty><odeComponentsProperty><key>cssClass</key><value/></odeComponentsProperty></odeComponentsProperties></odeComponent></odeComponents></odePagStructure></odePagStructures></odeNavStructure><odeNavStructure><odePageId>20251211173704ZWOPAM</odePageId><odeParentPageId>20251211173704MCMYRK</odeParentPageId><pageName>Justificación</pageName><odeNavStructureOrder>1</odeNavStructureOrder><odeNavStructureProperties><odeNavStructureProperty><key>titleNode</key><value>Justificación</value></odeNavStructureProperty><odeNavStructureProperty><key>titleHtml</key><value/></odeNavStructureProperty><odeNavStructureProperty><key>editableInPage</key><value>false</value></odeNavStructureProperty><odeNavStructureProperty><key>titlePage</key><value>Justificación</value></odeNavStructureProperty><odeNavStructureProperty><key>visibility</key><value>true</value></odeNavStructureProperty><odeNavStructureProperty><key>description</key><value/></odeNavStructureProperty><odeNavStructureProperty><key>hidePageTitle</key><value>false</value></odeNavStructureProperty><odeNavStructureProperty><key>highlight</key><value>false</value></odeNavStructureProperty></odeNavStructureProperties><odePagStructures><odePagStructure><odePageId>20251211173704ZWOPAM</odePageId><odeBlockId>20251211173704FLUJKS</odeBlockId><blockName>Texto</blockName><iconName/><odePagStructureOrder>1</odePagStructureOrder><odePagStructureProperties><odePagStructureProperty><key>visibility</key><value>true</value></odePagStructureProperty><odePagStructureProperty><key>teacherOnly</key><value>false</value></odePagStructureProperty><odePagStructureProperty><key>allowToggle</key><value>true</value></odePagStructureProperty><odePagStructureProperty><key>minimized</key><value>false</value></odePagStructureProperty><odePagStructureProperty><key>identifier</key><value/></odePagStructureProperty><odePagStructureProperty><key>cssClass</key><value/></odePagStructureProperty></odePagStructureProperties><odeComponents><odeComponent><odePageId>20251211173704ZWOPAM</odePageId><odeBlockId>20251211173704FLUJKS</odeBlockId><odeIdeviceId>20251207135729120BWA</odeIdeviceId><odeIdeviceTypeName>text</odeIdeviceTypeName><htmlView>&lt;div class="exe-text-template"&gt;&lt;div class="textIdeviceContent"&gt;
            &lt;div class="exe-text-activity"&gt;
                &lt;div&gt;&lt;p&gt;&lt;strong&gt;&lt;em&gt;&amp;nbsp;Justificación&lt;/em&gt;&lt;/strong&gt;&lt;br&gt;Comprender el origen del universo permite que los estudiantes desarrollen pensamiento científico, la capacidad de formular preguntas y la habilidad de interpretar fenómenos naturales. En sexto grado, este tema fortalece la curiosidad, promueve el pensamiento crítico y facilita la comprensión inicial de conceptos de astronomía, materia, energía y tiempo.&lt;br&gt;Durante tres meses se propone una exploración progresiva que integra observación, experimentación, lectura, trabajo en equipo y creación de productos digitales utilizando herramientas como eXeLearning.&lt;/p&gt;&lt;p class="clearfix"&gt;&lt;/p&gt;&lt;/div&gt;
            &lt;/div&gt;&lt;/div&gt;&lt;/div&gt;</htmlView><jsonProperties>{"ideviceId":"20251207135729120BWA","textInfoDurationInput":"","textInfoDurationTextInput":"Duración","textInfoParticipantsInput":"","textInfoParticipantsTextInput":"Agrupamiento","textTextarea":"&lt;p&gt;&lt;strong&gt;&lt;em&gt; Justificación&lt;/em&gt;&lt;/strong&gt;&lt;br /&gt;Comprender el origen del universo permite que los estudiantes desarrollen pensamiento científico, la capacidad de formular preguntas y la habilidad de interpretar fenómenos naturales. En sexto grado, este tema fortalece la curiosidad, promueve el pensamiento crítico y facilita la comprensión inicial de conceptos de astronomía, materia, energía y tiempo.&lt;br /&gt;Durante tres meses se propone una exploración progresiva que integra observación, experimentación, lectura, trabajo en equipo y creación de productos digitales utilizando herramientas como eXeLearning.&lt;/p&gt;","textFeedbackInput":"Mostrar retroalimentación","textFeedbackTextarea":""}</jsonProperties><odeComponentsOrder>1</odeComponentsOrder><odeComponentsProperties><odeComponentsProperty><key>visibility</key><value>true</value></odeComponentsProperty><odeComponentsProperty><key>teacherOnly</key><value>false</value></odeComponentsProperty><odeComponentsProperty><key>identifier</key><value/></odeComponentsProperty><odeComponentsProperty><key>cssClass</key><value/></odeComponentsProperty></odeComponentsProperties></odeComponent></odeComponents></odePagStructure></odePagStructures></odeNavStructure><odeNavStructure><odePageId>20251211173704PILGSH</odePageId><odeParentPageId>20251211173704MCMYRK</odeParentPageId><pageName>Contenidos</pageName><odeNavStructureOrder>2</odeNavStructureOrder><odeNavStructureProperties><odeNavStructureProperty><key>titleNode</key><value/></odeNavStructureProperty><odeNavStructureProperty><key>hidePageTitle</key><value>false</value></odeNavStructureProperty><odeNavStructureProperty><key>titleHtml</key><value/></odeNavStructureProperty><odeNavStructureProperty><key>editableInPage</key><value>false</value></odeNavStructureProperty><odeNavStructureProperty><key>titlePage</key><value>Contenidos</value></odeNavStructureProperty><odeNavStructureProperty><key>visibility</key><value>true</value></odeNavStructureProperty><odeNavStructureProperty><key>highlight</key><value>false</value></odeNavStructureProperty><odeNavStructureProperty><key>description</key><value/></odeNavStructureProperty></odeNavStructureProperties><odePagStructures><odePagStructure><odePageId>20251211173704PILGSH</odePageId><odeBlockId>20251211173704ABBOMY</odeBlockId><blockName>Contenidos</blockName><iconName/><odePagStructureOrder>1</odePagStructureOrder><odePagStructureProperties><odePagStructureProperty><key>visibility</key><value>true</value></odePagStructureProperty><odePagStructureProperty><key>teacherOnly</key><value>false</value></odePagStructureProperty><odePagStructureProperty><key>allowToggle</key><value>true</value></odePagStructureProperty><odePagStructureProperty><key>minimized</key><value>false</value></odePagStructureProperty><odePagStructureProperty><key>identifier</key><value/></odePagStructureProperty><odePagStructureProperty><key>cssClass</key><value/></odePagStructureProperty></odePagStructureProperties><odeComponents><odeComponent><odePageId>20251211173704PILGSH</odePageId><odeBlockId>20251211173704ABBOMY</odeBlockId><odeIdeviceId>20251207140907832XRS</odeIdeviceId><odeIdeviceTypeName>text</odeIdeviceTypeName><htmlView>&lt;div class="exe-text-template"&gt;&lt;div class="textIdeviceContent"&gt;
            &lt;div class="exe-text-activity"&gt;
                &lt;div&gt;&lt;p&gt;Conceptuales&lt;br&gt;¿Qué es el universo?&lt;br&gt;Teoría del Big Bang.&lt;br&gt;Evolución del universo.&lt;br&gt;Formación de galaxias, estrellas y planetas.&lt;br&gt;Evidencias científicas: expansión, radiación de fondo cósmico.&lt;br&gt;Escalas del tiempo y del espacio.&lt;br&gt;Procedimentales&lt;br&gt;Lectura y análisis de textos científicos.&lt;br&gt;Construcción de mapas conceptuales.&lt;br&gt;Elaboración de líneas de tiempo.&lt;br&gt;Interpretación de videos y simulaciones.&lt;br&gt;Producción de un recurso digital en eXeLearning.&lt;br&gt;Actitudinales&lt;br&gt;Valoración del conocimiento científico.&lt;br&gt;Curiosidad por comprender el origen del universo.&lt;br&gt;Respeto por las ideas de los compañeros.&lt;br&gt;Responsabilidad en el trabajo de investigación.&lt;/p&gt;&lt;p class="clearfix"&gt;&lt;/p&gt;&lt;/div&gt;
            &lt;/div&gt;&lt;/div&gt;&lt;/div&gt;</htmlView><jsonProperties>{"ideviceId":"20251207140907832XRS","textInfoDurationInput":"","textInfoDurationTextInput":"Duración","textInfoParticipantsInput":"","textInfoParticipantsTextInput":"Agrupamiento","textTextarea":"&lt;p&gt;Conceptuales&lt;br /&gt;¿Qué es el universo?&lt;br /&gt;Teoría del Big Bang.&lt;br /&gt;Evolución del universo.&lt;br /&gt;Formación de galaxias, estrellas y planetas.&lt;br /&gt;Evidencias científicas: expansión, radiación de fondo cósmico.&lt;br /&gt;Escalas del tiempo y del espacio.&lt;br /&gt;Procedimentales&lt;br /&gt;Lectura y análisis de textos científicos.&lt;br /&gt;Construcción de mapas conceptuales.&lt;br /&gt;Elaboración de líneas de tiempo.&lt;br /&gt;Interpretación de videos y simulaciones.&lt;br /&gt;Producción de un recurso digital en eXeLearning.&lt;br /&gt;Actitudinales&lt;br /&gt;Valoración del conocimiento científico.&lt;br /&gt;Curiosidad por comprender el origen del universo.&lt;br /&gt;Respeto por las ideas de los compañeros.&lt;br /&gt;Responsabilidad en el trabajo de investigación.&lt;/p&gt;","textFeedbackInput":"Mostrar retroalimentación","textFeedbackTextarea":""}</jsonProperties><odeComponentsOrder>1</odeComponentsOrder><odeComponentsProperties><odeComponentsProperty><key>visibility</key><value>true</value></odeComponentsProperty><odeComponentsProperty><key>teacherOnly</key><value>false</value></odeComponentsProperty><odeComponentsProperty><key>identifier</key><value/></odeComponentsProperty><odeComponentsProperty><key>cssClass</key><value/></odeComponentsProperty></odeComponentsProperties></odeComponent></odeComponents></odePagStructure></odePagStructures></odeNavStructure><odeNavStructure><odePageId>20251211173704ZKYREK</odePageId><odeParentPageId>20251211173704MCMYRK</odeParentPageId><pageName>Metodologia</pageName><odeNavStructureOrder>3</odeNavStructureOrder><odeNavStructureProperties><odeNavStructureProperty><key>titleNode</key><value/></odeNavStructureProperty><odeNavStructureProperty><key>hidePageTitle</key><value>false</value></odeNavStructureProperty><odeNavStructureProperty><key>titleHtml</key><value/></odeNavStructureProperty><odeNavStructureProperty><key>editableInPage</key><value>false</value></odeNavStructureProperty><odeNavStructureProperty><key>titlePage</key><value>Metodologia</value></odeNavStructureProperty><odeNavStructureProperty><key>visibility</key><value>true</value></odeNavStructureProperty><odeNavStructureProperty><key>highlight</key><value>false</value></odeNavStructureProperty><odeNavStructureProperty><key>description</key><value/></odeNavStructureProperty></odeNavStructureProperties><odePagStructures><odePagStructure><odePageId>20251211173704ZKYREK</odePageId><odeBlockId>20251211173704LRWJVQ</odeBlockId><blockName>Metodologia</blockName><iconName/><odePagStructureOrder>1</odePagStructureOrder><odePagStructureProperties><odePagStructureProperty><key>visibility</key><value>true</value></odePagStructureProperty><odePagStructureProperty><key>teacherOnly</key><value>false</value></odePagStructureProperty><odePagStructureProperty><key>allowToggle</key><value>true</value></odePagStructureProperty><odePagStructureProperty><key>minimized</key><value>false</value></odePagStructureProperty><odePagStructureProperty><key>identifier</key><value/></odePagStructureProperty><odePagStructureProperty><key>cssClass</key><value/></odePagStructureProperty></odePagStructureProperties><odeComponents><odeComponent><odePageId>20251211173704ZKYREK</odePageId><odeBlockId>20251211173704LRWJVQ</odeBlockId><odeIdeviceId>20251207141159026TKB</odeIdeviceId><odeIdeviceTypeName>text</odeIdeviceTypeName><htmlView>&lt;div class="exe-text-template"&gt;&lt;div class="textIdeviceContent"&gt;
            &lt;div class="exe-text-activity"&gt;
                &lt;div&gt;&lt;p&gt;La metodología se centra en el aprendizaje basado en la indagación, en la cual los estudiantes:&lt;/p&gt;
&lt;p&gt;Inician a partir de la pregunta inicial.&lt;br&gt;Exploran diversas fuentes: videos, textos, simulaciones.&lt;br&gt;Construyen explicaciones propias basadas en la evidencia.&lt;br&gt;Trabajan en equipo.&lt;br&gt;Producen contenido digital en eXeLearning.&lt;/p&gt;
&lt;p&gt;Estrategias:&lt;/p&gt;
&lt;p&gt;Clase dialogada.&lt;br&gt;Lectura guiada.&lt;br&gt;Talleres prácticos.&lt;br&gt;Actividades investigativas.&lt;br&gt;Socialización y retroalimentación.&lt;/p&gt;&lt;p class="clearfix"&gt;&lt;/p&gt;&lt;/div&gt;
            &lt;/div&gt;&lt;/div&gt;&lt;/div&gt;</htmlView><jsonProperties>{"ideviceId":"20251207141159026TKB","textInfoDurationInput":"","textInfoDurationTextInput":"Duración","textInfoParticipantsInput":"","textInfoParticipantsTextInput":"Agrupamiento","textTextarea":"&lt;p&gt;La metodología se centra en el aprendizaje basado en la indagación, en la cual los estudiantes:&lt;/p&gt;\n&lt;p&gt;Inician a partir de la pregunta inicial.&lt;br /&gt;Exploran diversas fuentes: videos, textos, simulaciones.&lt;br /&gt;Construyen explicaciones propias basadas en la evidencia.&lt;br /&gt;Trabajan en equipo.&lt;br /&gt;Producen contenido digital en eXeLearning.&lt;/p&gt;\n&lt;p&gt;Estrategias:&lt;/p&gt;\n&lt;p&gt;Clase dialogada.&lt;br /&gt;Lectura guiada.&lt;br /&gt;Talleres prácticos.&lt;br /&gt;Actividades investigativas.&lt;br /&gt;Socialización y retroalimentación.&lt;/p&gt;","textFeedbackInput":"Mostrar retroalimentación","textFeedbackTextarea":""}</jsonProperties><odeComponentsOrder>1</odeComponentsOrder><odeComponentsProperties><odeComponentsProperty><key>visibility</key><value>true</value></odeComponentsProperty><odeComponentsProperty><key>teacherOnly</key><value>false</value></odeComponentsProperty><odeComponentsProperty><key>identifier</key><value/></odeComponentsProperty><odeComponentsProperty><key>cssClass</key><value/></odeComponentsProperty></odeComponentsProperties></odeComponent></odeComponents></odePagStructure></odePagStructures></odeNavStructure><odeNavStructure><odePageId>20251211173704STDMQZ</odePageId><odeParentPageId>20251211173704ZWOPAM</odeParentPageId><pageName>Objetivos de Aprendizaje</pageName><odeNavStructureOrder>1</odeNavStructureOrder><odeNavStructureProperties><odeNavStructureProperty><key>titleNode</key><value>Objetivos de Aprendizaje</value></odeNavStructureProperty><odeNavStructureProperty><key>titleHtml</key><value/></odeNavStructureProperty><odeNavStructureProperty><key>editableInPage</key><value>false</value></odeNavStructureProperty><odeNavStructureProperty><key>titlePage</key><value>Objetivos de Aprendizaje</value></odeNavStructureProperty><odeNavStructureProperty><key>visibility</key><value>true</value></odeNavStructureProperty><odeNavStructureProperty><key>description</key><value/></odeNavStructureProperty><odeNavStructureProperty><key>hidePageTitle</key><value>false</value></odeNavStructureProperty><odeNavStructureProperty><key>highlight</key><value>false</value></odeNavStructureProperty></odeNavStructureProperties><odePagStructures><odePagStructure><odePageId>20251211173704STDMQZ</odePageId><odeBlockId>20251211173704SSSXAL</odeBlockId><blockName>Texto</blockName><iconName/><odePagStructureOrder>1</odePagStructureOrder><odePagStructureProperties><odePagStructureProperty><key>visibility</key><value>true</value></odePagStructureProperty><odePagStructureProperty><key>teacherOnly</key><value>false</value></odePagStructureProperty><odePagStructureProperty><key>allowToggle</key><value>true</value></odePagStructureProperty><odePagStructureProperty><key>minimized</key><value>false</value></odePagStructureProperty><odePagStructureProperty><key>identifier</key><value/></odePagStructureProperty><odePagStructureProperty><key>cssClass</key><value/></odePagStructureProperty></odePagStructureProperties><odeComponents><odeComponent><odePageId>20251211173704STDMQZ</odePageId><odeBlockId>20251211173704SSSXAL</odeBlockId><odeIdeviceId>202512071335350761T8</odeIdeviceId><odeIdeviceTypeName>text</odeIdeviceTypeName><htmlView>&lt;div class="exe-text-template"&gt;&lt;div class="textIdeviceContent"&gt;
            &lt;div class="exe-text-activity"&gt;
                &lt;div&gt;&lt;p&gt;Al finalizar la unidad, el estudiante estará en capacidad de:&lt;/p&gt;
&lt;p&gt;&amp;nbsp;1.Explicar de forma clara las teorías más aceptadas sobre el origen del universo.&lt;br&gt;2.Identificar conceptos clave: Big Bang, expansión, galaxias, materia y energía.&lt;br&gt;3.Reconocer y describir evidencias científicas que sustentan la teoría del Big Bang.&lt;br&gt;4.Elaborar líneas de tiempo y mapas conceptuales sobre la evolución del universo.&lt;br&gt;5.Interpretar textos científicos sencillos.&lt;br&gt;6.Participar en debates argumentados sobre ideas científicas.&lt;br&gt;7.Crear un recurso digital en eXeLearning relacionado con el origen del universo.&lt;/p&gt;&lt;p class="clearfix"&gt;&lt;/p&gt;&lt;/div&gt;
            &lt;/div&gt;&lt;/div&gt;&lt;/div&gt;</htmlView><jsonProperties>{"ideviceId":"202512071335350761T8","textInfoDurationInput":"","textInfoDurationTextInput":"Duración","textInfoParticipantsInput":"","textInfoParticipantsTextInput":"Agrupamiento","textTextarea":"&lt;p&gt;Al finalizar la unidad, el estudiante estará en capacidad de:&lt;/p&gt;\n&lt;p&gt; 1.Explicar de forma clara las teorías más aceptadas sobre el origen del universo.&lt;br /&gt;2.Identificar conceptos clave: Big Bang, expansión, galaxias, materia y energía.&lt;br /&gt;3.Reconocer y describir evidencias científicas que sustentan la teoría del Big Bang.&lt;br /&gt;4.Elaborar líneas de tiempo y mapas conceptuales sobre la evolución del universo.&lt;br /&gt;5.Interpretar textos científicos sencillos.&lt;br /&gt;6.Participar en debates argumentados sobre ideas científicas.&lt;br /&gt;7.Crear un recurso digital en eXeLearning relacionado con el origen del universo.&lt;/p&gt;","textFeedbackInput":"Mostrar retroalimentación","textFeedbackTextarea":""}</jsonProperties><odeComponentsOrder>1</odeComponentsOrder><odeComponentsProperties><odeComponentsProperty><key>visibility</key><value>true</value></odeComponentsProperty><odeComponentsProperty><key>teacherOnly</key><value>false</value></odeComponentsProperty><odeComponentsProperty><key>identifier</key><value/></odeComponentsProperty><odeComponentsProperty><key>cssClass</key><value/></odeComponentsProperty></odeComponentsProperties></odeComponent></odeComponents></odePagStructure></odePagStructures></odeNavStructure><odeNavStructure><odePageId>20251211173704DIVKAJ</odePageId><odeParentPageId>20251211173704ZWOPAM</odeParentPageId><pageName>Competencias</pageName><odeNavStructureOrder>2</odeNavStructureOrder><odeNavStructureProperties><odeNavStructureProperty><key>titleNode</key><value>Competencias</value></odeNavStructureProperty><odeNavStructureProperty><key>titleHtml</key><value/></odeNavStructureProperty><odeNavStructureProperty><key>editableInPage</key><value>false</value></odeNavStructureProperty><odeNavStructureProperty><key>titlePage</key><value>Competencias</value></odeNavStructureProperty><odeNavStructureProperty><key>visibility</key><value>true</value></odeNavStructureProperty><odeNavStructureProperty><key>description</key><value/></odeNavStructureProperty><odeNavStructureProperty><key>hidePageTitle</key><value>false</value></odeNavStructureProperty><odeNavStructureProperty><key>highlight</key><value>false</value></odeNavStructureProperty></odeNavStructureProperties><odePagStructures><odePagStructure><odePageId>20251211173704DIVKAJ</odePageId><odeBlockId>20251211173704JBANXJ</odeBlockId><blockName>Competencias</blockName><iconName/><odePagStructureOrder>1</odePagStructureOrder><odePagStructureProperties><odePagStructureProperty><key>visibility</key><value>true</value></odePagStructureProperty><odePagStructureProperty><key>teacherOnly</key><value>false</value></odePagStructureProperty><odePagStructureProperty><key>allowToggle</key><value>true</value></odePagStructureProperty><odePagStructureProperty><key>minimized</key><value>false</value></odePagStructureProperty><odePagStructureProperty><key>identifier</key><value/></odePagStructureProperty><odePagStructureProperty><key>cssClass</key><value/></odePagStructureProperty></odePagStructureProperties><odeComponents><odeComponent><odePageId>20251211173704DIVKAJ</odePageId><odeBlockId>20251211173704JBANXJ</odeBlockId><odeIdeviceId>202512071403414504PA</odeIdeviceId><odeIdeviceTypeName>text</odeIdeviceTypeName><htmlView>&lt;div class="exe-text-template"&gt;&lt;div class="textIdeviceContent"&gt;
            &lt;div class="exe-text-activity"&gt;
                &lt;div&gt;&lt;p&gt;Competencias científicas:&lt;/p&gt;
&lt;p&gt;Comprende conceptos básicos sobre la formación del universo.&lt;br&gt;Interpreta evidencias científicas sobre el origen del universo.&lt;br&gt;Explica fenómenos astronómicos utilizando lenguaje científico.&lt;br&gt;Desarrolla habilidades de observación, argumentación y comunicación de ideas.&lt;br&gt;Competencias transversales:&lt;/p&gt;
&lt;p&gt;Uso responsable y creativo de herramientas digitales.&lt;br&gt;Trabajo colaborativo.&lt;br&gt;Pensamiento crítico y solución de problemas.&lt;/p&gt;&lt;p class="clearfix"&gt;&lt;/p&gt;&lt;/div&gt;
            &lt;/div&gt;&lt;/div&gt;&lt;/div&gt;</htmlView><jsonProperties>{"ideviceId":"202512071403414504PA","textInfoDurationInput":"","textInfoDurationTextInput":"Duración","textInfoParticipantsInput":"","textInfoParticipantsTextInput":"Agrupamiento","textTextarea":"&lt;p&gt;Competencias científicas:&lt;/p&gt;\n&lt;p&gt;Comprende conceptos básicos sobre la formación del universo.&lt;br /&gt;Interpreta evidencias científicas sobre el origen del universo.&lt;br /&gt;Explica fenómenos astronómicos utilizando lenguaje científico.&lt;br /&gt;Desarrolla habilidades de observación, argumentación y comunicación de ideas.&lt;br /&gt;Competencias transversales:&lt;/p&gt;\n&lt;p&gt;Uso responsable y creativo de herramientas digitales.&lt;br /&gt;Trabajo colaborativo.&lt;br /&gt;Pensamiento crítico y solución de problemas.&lt;/p&gt;","textFeedbackInput":"Mostrar retroalimentación","textFeedbackTextarea":""}</jsonProperties><odeComponentsOrder>1</odeComponentsOrder><odeComponentsProperties><odeComponentsProperty><key>visibility</key><value>true</value></odeComponentsProperty><odeComponentsProperty><key>teacherOnly</key><value>false</value></odeComponentsProperty><odeComponentsProperty><key>identifier</key><value/></odeComponentsProperty><odeComponentsProperty><key>cssClass</key><value/></odeComponentsProperty></odeComponentsProperties></odeComponent></odeComponents></odePagStructure></odePagStructures></odeNavStructure><odeNavStructure><odePageId>20251211173704CDMBSR</odePageId><odeParentPageId>20251211173704DEVNAG</odeParentPageId><pageName>Semana 1</pageName><odeNavStructureOrder>1</odeNavStructureOrder><odeNavStructureProperties><odeNavStructureProperty><key>titleNode</key><value/></odeNavStructureProperty><odeNavStructureProperty><key>hidePageTitle</key><value>false</value></odeNavStructureProperty><odeNavStructureProperty><key>titleHtml</key><value/></odeNavStructureProperty><odeNavStructureProperty><key>editableInPage</key><value>false</value></odeNavStructureProperty><odeNavStructureProperty><key>titlePage</key><value>Semana 1</value></odeNavStructureProperty><odeNavStructureProperty><key>visibility</key><value>true</value></odeNavStructureProperty><odeNavStructureProperty><key>highlight</key><value>false</value></odeNavStructureProperty><odeNavStructureProperty><key>description</key><value/></odeNavStructureProperty></odeNavStructureProperties><odePagStructures><odePagStructure><odePageId>20251211173704CDMBSR</odePageId><odeBlockId>20251211173704TIWWBS</odeBlockId><blockName>Texto</blockName><iconName/><odePagStructureOrder>1</odePagStructureOrder><odePagStructureProperties><odePagStructureProperty><key>visibility</key><value>true</value></odePagStructureProperty><odePagStructureProperty><key>teacherOnly</key><value>false</value></odePagStructureProperty><odePagStructureProperty><key>allowToggle</key><value>true</value></odePagStructureProperty><odePagStructureProperty><key>minimized</key><value>false</value></odePagStructureProperty><odePagStructureProperty><key>identifier</key><value/></odePagStructureProperty><odePagStructureProperty><key>cssClass</key><value/></odePagStructureProperty></odePagStructureProperties><odeComponents><odeComponent><odePageId>20251211173704CDMBSR</odePageId><odeBlockId>20251211173704TIWWBS</odeBlockId><odeIdeviceId>20251207141411291K4R</odeIdeviceId><odeIdeviceTypeName>text</odeIdeviceTypeName><htmlView>&lt;div class="exe-text-template"&gt;&lt;div class="textIdeviceContent"&gt;
            &lt;div class="exe-text-activity"&gt;
                &lt;div&gt;&lt;p&gt;SEMANA 1 – Pregunta inicial y saberes previos&lt;br&gt;Actividad principal: Conversatorio inicial y exploración de ideas.&lt;/p&gt;
&lt;p&gt;Paso a paso:&lt;/p&gt;
&lt;p&gt;El docente presenta la pregunta inicial:&lt;br&gt;¿Cómo creemos hoy que se formó el universo y qué evidencias nos ayudan a entenderlo?&lt;br&gt;Los estudiantes escriben en su cuaderno sus ideas previas: ¿qué creen?, ¿qué han oído?, ¿de dónde creen que salió todo?&lt;br&gt;Socialización en grupos pequeños.&lt;br&gt;Construcción de un mural escrito (o digital) con todas las ideas previas.&lt;br&gt;Evidencia / evaluación: Lista de cotejo sobre participación.&lt;/p&gt;
&lt;p&gt;Cancion sobre la teoria del universo &lt;a href="https://youtu.be/kfTT97atTd0?si=AFsAebdKPz9WwZtQ"&gt;https://youtu.be/kfTT97atTd0?si=AFsAebdKPz9WwZtQ&lt;/a&gt;&amp;nbsp;&lt;/p&gt;&lt;p class="clearfix"&gt;&lt;/p&gt;&lt;/div&gt;
            &lt;/div&gt;&lt;/div&gt;&lt;/div&gt;</htmlView><jsonProperties>{"ideviceId":"20251207141411291K4R","textInfoDurationInput":"","textInfoDurationTextInput":"Duración","textInfoParticipantsInput":"","textInfoParticipantsTextInput":"Agrupamiento","textTextarea":"&lt;p&gt;SEMANA 1 – Pregunta inicial y saberes previos&lt;br /&gt;Actividad principal: Conversatorio inicial y exploración de ideas.&lt;/p&gt;\n&lt;p&gt;Paso a paso:&lt;/p&gt;\n&lt;p&gt;El docente presenta la pregunta inicial:&lt;br /&gt;¿Cómo creemos hoy que se formó el universo y qué evidencias nos ayudan a entenderlo?&lt;br /&gt;Los estudiantes escriben en su cuaderno sus ideas previas: ¿qué creen?, ¿qué han oído?, ¿de dónde creen que salió todo?&lt;br /&gt;Socialización en grupos pequeños.&lt;br /&gt;Construcción de un mural escrito (o digital) con todas las ideas previas.&lt;br /&gt;Evidencia / evaluación: Lista de cotejo sobre participación.&lt;/p&gt;\n&lt;p&gt;Cancion sobre la teoria del universo &lt;a href=\"https://youtu.be/kfTT97atTd0?si=AFsAebdKPz9WwZtQ\"&gt;https://youtu.be/kfTT97atTd0?si=AFsAebdKPz9WwZtQ&lt;/a&gt; &lt;/p&gt;","textFeedbackInput":"Mostrar retroalimentación","textFeedbackTextarea":""}</jsonProperties><odeComponentsOrder>1</odeComponentsOrder><odeComponentsProperties><odeComponentsProperty><key>visibility</key><value>true</value></odeComponentsProperty><odeComponentsProperty><key>teacherOnly</key><value>false</value></odeComponentsProperty><odeComponentsProperty><key>identifier</key><value/></odeComponentsProperty><odeComponentsProperty><key>cssClass</key><value/></odeComponentsProperty></odeComponentsProperties></odeComponent></odeComponents></odePagStructure></odePagStructures></odeNavStructure><odeNavStructure><odePageId>20251211173704VNLPGM</odePageId><odeParentPageId>20251211173704CDMBSR</odeParentPageId><pageName>Semana 2 </pageName><odeNavStructureOrder>1</odeNavStructureOrder><odeNavStructureProperties><odeNavStructureProperty><key>titleNode</key><value/></odeNavStructureProperty><odeNavStructureProperty><key>hidePageTitle</key><value>false</value></odeNavStructureProperty><odeNavStructureProperty><key>titleHtml</key><value/></odeNavStructureProperty><odeNavStructureProperty><key>editableInPage</key><value>false</value></odeNavStructureProperty><odeNavStructureProperty><key>titlePage</key><value>Semana 2 </value></odeNavStructureProperty><odeNavStructureProperty><key>visibility</key><value>true</value></odeNavStructureProperty><odeNavStructureProperty><key>highlight</key><value>false</value></odeNavStructureProperty><odeNavStructureProperty><key>description</key><value/></odeNavStructureProperty></odeNavStructureProperties><odePagStructures><odePagStructure><odePageId>20251211173704VNLPGM</odePageId><odeBlockId>20251211173704KRPLRJ</odeBlockId><blockName>Texto</blockName><iconName/><odePagStructureOrder>1</odePagStructureOrder><odePagStructureProperties><odePagStructureProperty><key>visibility</key><value>true</value></odePagStructureProperty><odePagStructureProperty><key>teacherOnly</key><value>false</value></odePagStructureProperty><odePagStructureProperty><key>allowToggle</key><value>true</value></odePagStructureProperty><odePagStructureProperty><key>minimized</key><value>false</value></odePagStructureProperty><odePagStructureProperty><key>identifier</key><value/></odePagStructureProperty><odePagStructureProperty><key>cssClass</key><value/></odePagStructureProperty></odePagStructureProperties><odeComponents><odeComponent><odePageId>20251211173704VNLPGM</odePageId><odeBlockId>20251211173704KRPLRJ</odeBlockId><odeIdeviceId>2025120714160172647C</odeIdeviceId><odeIdeviceTypeName>text</odeIdeviceTypeName><htmlView>&lt;div class="exe-text-template"&gt;&lt;div class="textIdeviceContent"&gt;
            &lt;div class="exe-text-activity"&gt;
                &lt;div&gt;&lt;p&gt;SEMANA 2 – ¿Qué es el universo? Conceptos básicos&lt;br&gt;Actividad principal: Lectura guiada y vocabulario científico.&lt;/p&gt;
&lt;p&gt;Paso a paso:&lt;/p&gt;
&lt;p&gt;Lectura de un texto sencillo sobre qué es el universo.&lt;br&gt;Subrayar palabras clave: materia, energía, galaxias, espacio, tiempo.&lt;br&gt;Elaborar un glosario en el cuaderno.&lt;br&gt;Actividad en eXeLearning: completar espacios en blanco con las palabras del glosario.&lt;br&gt;Evidencia: Actividad de completar.&lt;br&gt;Quiz corto (5 preguntas) sobre vocabulario básico.&lt;/p&gt;&lt;p class="clearfix"&gt;&lt;/p&gt;&lt;/div&gt;
            &lt;/div&gt;&lt;/div&gt;&lt;/div&gt;</htmlView><jsonProperties>{"ideviceId":"2025120714160172647C","textInfoDurationInput":"","textInfoDurationTextInput":"Duración","textInfoParticipantsInput":"","textInfoParticipantsTextInput":"Agrupamiento","textTextarea":"&lt;p&gt;SEMANA 2 – ¿Qué es el universo? Conceptos básicos&lt;br /&gt;Actividad principal: Lectura guiada y vocabulario científico.&lt;/p&gt;\n&lt;p&gt;Paso a paso:&lt;/p&gt;\n&lt;p&gt;Lectura de un texto sencillo sobre qué es el universo.&lt;br /&gt;Subrayar palabras clave: materia, energía, galaxias, espacio, tiempo.&lt;br /&gt;Elaborar un glosario en el cuaderno.&lt;br /&gt;Actividad en eXeLearning: completar espacios en blanco con las palabras del glosario.&lt;br /&gt;Evidencia: Actividad de completar.&lt;br /&gt;Quiz corto (5 preguntas) sobre vocabulario básico.&lt;/p&gt;","textFeedbackInput":"Mostrar retroalimentación","textFeedbackTextarea":""}</jsonProperties><odeComponentsOrder>1</odeComponentsOrder><odeComponentsProperties><odeComponentsProperty><key>visibility</key><value>true</value></odeComponentsProperty><odeComponentsProperty><key>teacherOnly</key><value>false</value></odeComponentsProperty><odeComponentsProperty><key>identifier</key><value/></odeComponentsProperty><odeComponentsProperty><key>cssClass</key><value/></odeComponentsProperty></odeComponentsProperties></odeComponent></odeComponents></odePagStructure></odePagStructures></odeNavStructure><odeNavStructure><odePageId>20251211173704CTFGFY</odePageId><odeParentPageId>20251211173704VNLPGM</odeParentPageId><pageName>Semana 3</pageName><odeNavStructureOrder>1</odeNavStructureOrder><odeNavStructureProperties><odeNavStructureProperty><key>titleNode</key><value/></odeNavStructureProperty><odeNavStructureProperty><key>hidePageTitle</key><value>false</value></odeNavStructureProperty><odeNavStructureProperty><key>titleHtml</key><value/></odeNavStructureProperty><odeNavStructureProperty><key>editableInPage</key><value>false</value></odeNavStructureProperty><odeNavStructureProperty><key>titlePage</key><value>Semana 3</value></odeNavStructureProperty><odeNavStructureProperty><key>visibility</key><value>true</value></odeNavStructureProperty><odeNavStructureProperty><key>highlight</key><value>false</value></odeNavStructureProperty><odeNavStructureProperty><key>description</key><value/></odeNavStructureProperty></odeNavStructureProperties><odePagStructures><odePagStructure><odePageId>20251211173704CTFGFY</odePageId><odeBlockId>20251211173704HFFBMV</odeBlockId><blockName>Texto</blockName><iconName/><odePagStructureOrder>1</odePagStructureOrder><odePagStructureProperties><odePagStructureProperty><key>visibility</key><value>true</value></odePagStructureProperty><odePagStructureProperty><key>teacherOnly</key><value>false</value></odePagStructureProperty><odePagStructureProperty><key>allowToggle</key><value>true</value></odePagStructureProperty><odePagStructureProperty><key>minimized</key><value>false</value></odePagStructureProperty><odePagStructureProperty><key>identifier</key><value/></odePagStructureProperty><odePagStructureProperty><key>cssClass</key><value/></odePagStructureProperty></odePagStructureProperties><odeComponents><odeComponent><odePageId>20251211173704CTFGFY</odePageId><odeBlockId>20251211173704HFFBMV</odeBlockId><odeIdeviceId>20251207141651455ZFK</odeIdeviceId><odeIdeviceTypeName>text</odeIdeviceTypeName><htmlView>&lt;div class="exe-text-template"&gt;&lt;div class="textIdeviceContent"&gt;
            &lt;div class="exe-text-activity"&gt;
                &lt;div&gt;&lt;p&gt;SEMANA 3 – Cosmovisiones antiguas&lt;br&gt;Actividad principal: Investigación y comparación.&lt;/p&gt;
&lt;p&gt;Paso a paso:&lt;/p&gt;
&lt;p&gt;Grupos investigan ideas antiguas sobre el origen del universo (griegos, mayas, culturas indígenas).&lt;br&gt;Cada grupo escribe un breve párrafo explicando una cosmovisión.&lt;br&gt;Comparación con ideas científicas actuales.&lt;br&gt;Actividad en eXeLearning tipo "alternativas múltiples":&lt;br&gt;¿Qué cosmovisión pertenece a qué cultura?&lt;br&gt;Evidencia: Párrafo escrito y actividad interactiva.&lt;/p&gt;
&lt;p&gt;El profesor les muestra un pequeño video &lt;a href="https://youtu.be/yg_A80TMhaM"&gt;https://youtu.be/yg_A80TMhaM&amp;nbsp; &lt;/a&gt;&lt;/p&gt;
&lt;p&gt;despues del video saquen sus conclusiones.&lt;/p&gt;&lt;p class="clearfix"&gt;&lt;/p&gt;&lt;/div&gt;
            &lt;/div&gt;&lt;/div&gt;&lt;/div&gt;</htmlView><jsonProperties>{"ideviceId":"20251207141651455ZFK","textInfoDurationInput":"","textInfoDurationTextInput":"Duración","textInfoParticipantsInput":"","textInfoParticipantsTextInput":"Agrupamiento","textTextarea":"&lt;p&gt;SEMANA 3 – Cosmovisiones antiguas&lt;br /&gt;Actividad principal: Investigación y comparación.&lt;/p&gt;\n&lt;p&gt;Paso a paso:&lt;/p&gt;\n&lt;p&gt;Grupos investigan ideas antiguas sobre el origen del universo (griegos, mayas, culturas indígenas).&lt;br /&gt;Cada grupo escribe un breve párrafo explicando una cosmovisión.&lt;br /&gt;Comparación con ideas científicas actuales.&lt;br /&gt;Actividad en eXeLearning tipo \"alternativas múltiples\":&lt;br /&gt;¿Qué cosmovisión pertenece a qué cultura?&lt;br /&gt;Evidencia: Párrafo escrito y actividad interactiva.&lt;/p&gt;\n&lt;p&gt;El profesor les muestra un pequeño video &lt;a href=\"https://youtu.be/yg_A80TMhaM\"&gt;https://youtu.be/yg_A80TMhaM  &lt;/a&gt;&lt;/p&gt;\n&lt;p&gt;despues del video saquen sus conclusiones.&lt;/p&gt;","textFeedbackInput":"Mostrar retroalimentación","textFeedbackTextarea":""}</jsonProperties><odeComponentsOrder>1</odeComponentsOrder><odeComponentsProperties><odeComponentsProperty><key>visibility</key><value>true</value></odeComponentsProperty><odeComponentsProperty><key>teacherOnly</key><value>false</value></odeComponentsProperty><odeComponentsProperty><key>identifier</key><value/></odeComponentsProperty><odeComponentsProperty><key>cssClass</key><value/></odeComponentsProperty></odeComponentsProperties></odeComponent></odeComponents></odePagStructure></odePagStructures></odeNavStructure><odeNavStructure><odePageId>20251211173704NYYVAZ</odePageId><odeParentPageId>20251211173704CTFGFY</odeParentPageId><pageName>Semana 4</pageName><odeNavStructureOrder>1</odeNavStructureOrder><odeNavStructureProperties><odeNavStructureProperty><key>titleNode</key><value/></odeNavStructureProperty><odeNavStructureProperty><key>hidePageTitle</key><value>false</value></odeNavStructureProperty><odeNavStructureProperty><key>titleHtml</key><value/></odeNavStructureProperty><odeNavStructureProperty><key>editableInPage</key><value>false</value></odeNavStructureProperty><odeNavStructureProperty><key>titlePage</key><value>Semana 4</value></odeNavStructureProperty><odeNavStructureProperty><key>visibility</key><value>true</value></odeNavStructureProperty><odeNavStructureProperty><key>highlight</key><value>false</value></odeNavStructureProperty><odeNavStructureProperty><key>description</key><value/></odeNavStructureProperty></odeNavStructureProperties><odePagStructures><odePagStructure><odePageId>20251211173704NYYVAZ</odePageId><odeBlockId>20251211173704GYSXBZ</odeBlockId><blockName>Texto</blockName><iconName/><odePagStructureOrder>1</odePagStructureOrder><odePagStructureProperties><odePagStructureProperty><key>visibility</key><value>true</value></odePagStructureProperty><odePagStructureProperty><key>teacherOnly</key><value>false</value></odePagStructureProperty><odePagStructureProperty><key>allowToggle</key><value>true</value></odePagStructureProperty><odePagStructureProperty><key>minimized</key><value>false</value></odePagStructureProperty><odePagStructureProperty><key>identifier</key><value/></odePagStructureProperty><odePagStructureProperty><key>cssClass</key><value/></odePagStructureProperty></odePagStructureProperties><odeComponents><odeComponent><odePageId>20251211173704NYYVAZ</odePageId><odeBlockId>20251211173704GYSXBZ</odeBlockId><odeIdeviceId>20251207141840226GX3</odeIdeviceId><odeIdeviceTypeName>text</odeIdeviceTypeName><htmlView>&lt;div class="exe-text-template"&gt;&lt;div class="textIdeviceContent"&gt;
            &lt;div class="exe-text-activity"&gt;
                &lt;div&gt;&lt;p&gt;SEMANA 4 – La teoría del Big Bang&lt;br&gt;Actividad principal: Explicación del Big Bang y creación de una línea de tiempo.&lt;/p&gt;
&lt;p&gt;Paso a paso:&lt;/p&gt;
&lt;p&gt;Clase magistral dialogada sobre el Big Bang.&lt;br&gt;Estudiantes elaboran una línea de tiempo simple:&lt;/p&gt;
&lt;p&gt;Big Bang&lt;br&gt;Primeros segundos&lt;br&gt;Formación de partículas&lt;br&gt;Formación de átomos&lt;br&gt;Galaxias&lt;br&gt;Actividad en eXeLearning: arrastrar y soltar etapas en orden.&lt;br&gt;Evidencia: Línea de tiempo.&lt;br&gt;Quiz de 5–8 preguntas sobre la teoría del Big Bang.&lt;/p&gt;
&lt;p&gt;Video educativo sobre Big Bang &lt;a href="https://youtu.be/_MHBO-zILZk"&gt;https://youtu.be/_MHBO-zILZk&lt;/a&gt;&amp;nbsp;&lt;/p&gt;&lt;p class="clearfix"&gt;&lt;/p&gt;&lt;/div&gt;
            &lt;/div&gt;&lt;/div&gt;&lt;/div&gt;</htmlView><jsonProperties>{"ideviceId":"20251207141840226GX3","textInfoDurationInput":"","textInfoDurationTextInput":"Duración","textInfoParticipantsInput":"","textInfoParticipantsTextInput":"Agrupamiento","textTextarea":"&lt;p&gt;SEMANA 4 – La teoría del Big Bang&lt;br /&gt;Actividad principal: Explicación del Big Bang y creación de una línea de tiempo.&lt;/p&gt;\n&lt;p&gt;Paso a paso:&lt;/p&gt;\n&lt;p&gt;Clase magistral dialogada sobre el Big Bang.&lt;br /&gt;Estudiantes elaboran una línea de tiempo simple:&lt;/p&gt;\n&lt;p&gt;Big Bang&lt;br /&gt;Primeros segundos&lt;br /&gt;Formación de partículas&lt;br /&gt;Formación de átomos&lt;br /&gt;Galaxias&lt;br /&gt;Actividad en eXeLearning: arrastrar y soltar etapas en orden.&lt;br /&gt;Evidencia: Línea de tiempo.&lt;br /&gt;Quiz de 5–8 preguntas sobre la teoría del Big Bang.&lt;/p&gt;\n&lt;p&gt;Video educativo sobre Big Bang &lt;a href=\"https://youtu.be/_MHBO-zILZk\"&gt;https://youtu.be/_MHBO-zILZk&lt;/a&gt; &lt;/p&gt;","textFeedbackInput":"Mostrar retroalimentación","textFeedbackTextarea":""}</jsonProperties><odeComponentsOrder>1</odeComponentsOrder><odeComponentsProperties><odeComponentsProperty><key>visibility</key><value>true</value></odeComponentsProperty><odeComponentsProperty><key>teacherOnly</key><value>false</value></odeComponentsProperty><odeComponentsProperty><key>identifier</key><value/></odeComponentsProperty><odeComponentsProperty><key>cssClass</key><value/></odeComponentsProperty></odeComponentsProperties></odeComponent></odeComponents></odePagStructure></odePagStructures></odeNavStructure><odeNavStructure><odePageId>20251211173704JQFSHU</odePageId><odeParentPageId>20251211173704NYYVAZ</odeParentPageId><pageName>Semana 5</pageName><odeNavStructureOrder>1</odeNavStructureOrder><odeNavStructureProperties><odeNavStructureProperty><key>titleNode</key><value/></odeNavStructureProperty><odeNavStructureProperty><key>hidePageTitle</key><value>false</value></odeNavStructureProperty><odeNavStructureProperty><key>titleHtml</key><value/></odeNavStructureProperty><odeNavStructureProperty><key>editableInPage</key><value>false</value></odeNavStructureProperty><odeNavStructureProperty><key>titlePage</key><value>Semana 5</value></odeNavStructureProperty><odeNavStructureProperty><key>visibility</key><value>true</value></odeNavStructureProperty><odeNavStructureProperty><key>highlight</key><value>false</value></odeNavStructureProperty><odeNavStructureProperty><key>description</key><value/></odeNavStructureProperty></odeNavStructureProperties><odePagStructures><odePagStructure><odePageId>20251211173704JQFSHU</odePageId><odeBlockId>20251211173704XKNFRF</odeBlockId><blockName>Texto</blockName><iconName/><odePagStructureOrder>1</odePagStructureOrder><odePagStructureProperties><odePagStructureProperty><key>visibility</key><value>true</value></odePagStructureProperty><odePagStructureProperty><key>teacherOnly</key><value>false</value></odePagStructureProperty><odePagStructureProperty><key>allowToggle</key><value>true</value></odePagStructureProperty><odePagStructureProperty><key>minimized</key><value>false</value></odePagStructureProperty><odePagStructureProperty><key>identifier</key><value/></odePagStructureProperty><odePagStructureProperty><key>cssClass</key><value/></odePagStructureProperty></odePagStructureProperties><odeComponents><odeComponent><odePageId>20251211173704JQFSHU</odePageId><odeBlockId>20251211173704XKNFRF</odeBlockId><odeIdeviceId>20251207141922767D07</odeIdeviceId><odeIdeviceTypeName>text</odeIdeviceTypeName><htmlView>&lt;div class="exe-text-template"&gt;&lt;div class="textIdeviceContent"&gt;
            &lt;div class="exe-text-activity"&gt;
                &lt;div&gt;&lt;p&gt;SEMANA 5 – La expansión del universo&lt;br&gt;Actividad principal: Metáfora del globo y discusión.&lt;/p&gt;
&lt;p&gt;Paso a paso:&lt;/p&gt;
&lt;p&gt;Explicación de la metáfora del globo (solo descripción, sin imágenes).&lt;br&gt;Discusión en grupos:&lt;br&gt;¿Por qué decimos que el universo se está expandiendo?&lt;br&gt;Actividad escrita: explicación en sus propias palabras.&lt;br&gt;Ejercicio en eXeLearning tipo “Verdadero o falso”.&lt;br&gt;Evidencia: Explicación escrita.&lt;br&gt;Linea del tiempo &lt;a href="https://view.genially.com/6938951b76967bca09d32dad/interactive-content-linea-del-tiempo"&gt;https://view.genially.com/6938951b76967bca09d32dad/interactive-content-linea-del-tiempo&lt;/a&gt;&amp;nbsp;&lt;/p&gt;&lt;p class="clearfix"&gt;&lt;/p&gt;&lt;/div&gt;
            &lt;/div&gt;&lt;/div&gt;&lt;/div&gt;</htmlView><jsonProperties>{"ideviceId":"20251207141922767D07","textInfoDurationInput":"","textInfoDurationTextInput":"Duración","textInfoParticipantsInput":"","textInfoParticipantsTextInput":"Agrupamiento","textTextarea":"&lt;p&gt;SEMANA 5 – La expansión del universo&lt;br /&gt;Actividad principal: Metáfora del globo y discusión.&lt;/p&gt;\n&lt;p&gt;Paso a paso:&lt;/p&gt;\n&lt;p&gt;Explicación de la metáfora del globo (solo descripción, sin imágenes).&lt;br /&gt;Discusión en grupos:&lt;br /&gt;¿Por qué decimos que el universo se está expandiendo?&lt;br /&gt;Actividad escrita: explicación en sus propias palabras.&lt;br /&gt;Ejercicio en eXeLearning tipo “Verdadero o falso”.&lt;br /&gt;Evidencia: Explicación escrita.&lt;br /&gt;Linea del tiempo &lt;a href=\"https://view.genially.com/6938951b76967bca09d32dad/interactive-content-linea-del-tiempo\"&gt;https://view.genially.com/6938951b76967bca09d32dad/interactive-content-linea-del-tiempo&lt;/a&gt; &lt;/p&gt;","textFeedbackInput":"Mostrar retroalimentación","textFeedbackTextarea":""}</jsonProperties><odeComponentsOrder>1</odeComponentsOrder><odeComponentsProperties><odeComponentsProperty><key>visibility</key><value>true</value></odeComponentsProperty><odeComponentsProperty><key>teacherOnly</key><value>false</value></odeComponentsProperty><odeComponentsProperty><key>identifier</key><value/></odeComponentsProperty><odeComponentsProperty><key>cssClass</key><value/></odeComponentsProperty></odeComponentsProperties></odeComponent></odeComponents></odePagStructure></odePagStructures></odeNavStructure><odeNavStructure><odePageId>20251211173704CKFHPY</odePageId><odeParentPageId>20251211173704JQFSHU</odeParentPageId><pageName>Semana 6</pageName><odeNavStructureOrder>1</odeNavStructureOrder><odeNavStructureProperties><odeNavStructureProperty><key>titleNode</key><value/></odeNavStructureProperty><odeNavStructureProperty><key>hidePageTitle</key><value>false</value></odeNavStructureProperty><odeNavStructureProperty><key>titleHtml</key><value/></odeNavStructureProperty><odeNavStructureProperty><key>editableInPage</key><value>false</value></odeNavStructureProperty><odeNavStructureProperty><key>titlePage</key><value>Semana 6</value></odeNavStructureProperty><odeNavStructureProperty><key>visibility</key><value>true</value></odeNavStructureProperty><odeNavStructureProperty><key>highlight</key><value>false</value></odeNavStructureProperty><odeNavStructureProperty><key>description</key><value/></odeNavStructureProperty></odeNavStructureProperties><odePagStructures><odePagStructure><odePageId>20251211173704CKFHPY</odePageId><odeBlockId>20251211173704GSWBGJ</odeBlockId><blockName>Texto</blockName><iconName/><odePagStructureOrder>1</odePagStructureOrder><odePagStructureProperties><odePagStructureProperty><key>visibility</key><value>true</value></odePagStructureProperty><odePagStructureProperty><key>teacherOnly</key><value>false</value></odePagStructureProperty><odePagStructureProperty><key>allowToggle</key><value>true</value></odePagStructureProperty><odePagStructureProperty><key>minimized</key><value>false</value></odePagStructureProperty><odePagStructureProperty><key>identifier</key><value/></odePagStructureProperty><odePagStructureProperty><key>cssClass</key><value/></odePagStructureProperty></odePagStructureProperties><odeComponents><odeComponent><odePageId>20251211173704CKFHPY</odePageId><odeBlockId>20251211173704GSWBGJ</odeBlockId><odeIdeviceId>202512071420523697TM</odeIdeviceId><odeIdeviceTypeName>text</odeIdeviceTypeName><htmlView>&lt;div class="exe-text-template"&gt;&lt;div class="textIdeviceContent"&gt;
            &lt;div class="exe-text-activity"&gt;
                &lt;div&gt;&lt;p&gt;SEMANA 6 – Evidencias del Big Bang&lt;br&gt;Actividad principal: Radiación de fondo cósmico.&lt;/p&gt;
&lt;p&gt;Paso a paso:&lt;/p&gt;
&lt;p&gt;Explicar qué es la radiación de fondo cósmico en lenguaje sencillo.&lt;br&gt;Guía de preguntas:&lt;/p&gt;
&lt;p&gt;¿Por qué esta radiación es importante?&lt;br&gt;¿Qué nos dice del pasado del universo?&lt;br&gt;Construcción de un mapa conceptual.&lt;br&gt;Evidencia: Mapa conceptual.&lt;br&gt;Quiz corto (5 preguntas) sobre evidencias científicas.&lt;/p&gt;&lt;p class="clearfix"&gt;&lt;/p&gt;&lt;/div&gt;
            &lt;/div&gt;&lt;/div&gt;&lt;/div&gt;</htmlView><jsonProperties>{"ideviceId":"202512071420523697TM","textInfoDurationInput":"","textInfoDurationTextInput":"Duración","textInfoParticipantsInput":"","textInfoParticipantsTextInput":"Agrupamiento","textTextarea":"&lt;p&gt;SEMANA 6 – Evidencias del Big Bang&lt;br /&gt;Actividad principal: Radiación de fondo cósmico.&lt;/p&gt;\n&lt;p&gt;Paso a paso:&lt;/p&gt;\n&lt;p&gt;Explicar qué es la radiación de fondo cósmico en lenguaje sencillo.&lt;br /&gt;Guía de preguntas:&lt;/p&gt;\n&lt;p&gt;¿Por qué esta radiación es importante?&lt;br /&gt;¿Qué nos dice del pasado del universo?&lt;br /&gt;Construcción de un mapa conceptual.&lt;br /&gt;Evidencia: Mapa conceptual.&lt;br /&gt;Quiz corto (5 preguntas) sobre evidencias científicas.&lt;/p&gt;","textFeedbackInput":"Mostrar retroalimentación","textFeedbackTextarea":""}</jsonProperties><odeComponentsOrder>1</odeComponentsOrder><odeComponentsProperties><odeComponentsProperty><key>visibility</key><value>true</value></odeComponentsProperty><odeComponentsProperty><key>teacherOnly</key><value>false</value></odeComponentsProperty><odeComponentsProperty><key>identifier</key><value/></odeComponentsProperty><odeComponentsProperty><key>cssClass</key><value/></odeComponentsProperty></odeComponentsProperties></odeComponent></odeComponents></odePagStructure></odePagStructures></odeNavStructure><odeNavStructure><odePageId>20251211173704FMMUDX</odePageId><odeParentPageId>20251211173704CKFHPY</odeParentPageId><pageName>Semana 7</pageName><odeNavStructureOrder>1</odeNavStructureOrder><odeNavStructureProperties><odeNavStructureProperty><key>titleNode</key><value/></odeNavStructureProperty><odeNavStructureProperty><key>hidePageTitle</key><value>false</value></odeNavStructureProperty><odeNavStructureProperty><key>titleHtml</key><value/></odeNavStructureProperty><odeNavStructureProperty><key>editableInPage</key><value>false</value></odeNavStructureProperty><odeNavStructureProperty><key>titlePage</key><value>Semana 7</value></odeNavStructureProperty><odeNavStructureProperty><key>visibility</key><value>true</value></odeNavStructureProperty><odeNavStructureProperty><key>highlight</key><value>false</value></odeNavStructureProperty><odeNavStructureProperty><key>description</key><value/></odeNavStructureProperty></odeNavStructureProperties><odePagStructures><odePagStructure><odePageId>20251211173704FMMUDX</odePageId><odeBlockId>20251211173704SLOFND</odeBlockId><blockName>Texto</blockName><iconName/><odePagStructureOrder>1</odePagStructureOrder><odePagStructureProperties><odePagStructureProperty><key>visibility</key><value>true</value></odePagStructureProperty><odePagStructureProperty><key>teacherOnly</key><value>false</value></odePagStructureProperty><odePagStructureProperty><key>allowToggle</key><value>true</value></odePagStructureProperty><odePagStructureProperty><key>minimized</key><value>false</value></odePagStructureProperty><odePagStructureProperty><key>identifier</key><value/></odePagStructureProperty><odePagStructureProperty><key>cssClass</key><value/></odePagStructureProperty></odePagStructureProperties><odeComponents><odeComponent><odePageId>20251211173704FMMUDX</odePageId><odeBlockId>20251211173704SLOFND</odeBlockId><odeIdeviceId>20251207142142921O9L</odeIdeviceId><odeIdeviceTypeName>text</odeIdeviceTypeName><htmlView>&lt;div class="exe-text-template"&gt;&lt;div class="textIdeviceContent"&gt;
            &lt;div class="exe-text-activity"&gt;
                &lt;div&gt;&lt;p&gt;SEMANA 7 – Formación de galaxias&lt;br&gt;Actividad principal: Lectura y organización de información.&lt;/p&gt;
&lt;p&gt;Paso a paso:&lt;/p&gt;
&lt;p&gt;Lectura de un texto sobre cómo se forman las galaxias.&lt;br&gt;Completar un cuadro comparativo sobre tipos de galaxias.&lt;br&gt;Actividad en eXeLearning: selección múltiple.&lt;br&gt;Evidencia: Cuadro comparativo.&lt;/p&gt;&lt;p class="clearfix"&gt;&lt;/p&gt;&lt;/div&gt;
            &lt;/div&gt;&lt;/div&gt;&lt;/div&gt;</htmlView><jsonProperties>{"ideviceId":"20251207142142921O9L","textInfoDurationInput":"","textInfoDurationTextInput":"Duración","textInfoParticipantsInput":"","textInfoParticipantsTextInput":"Agrupamiento","textTextarea":"&lt;p&gt;SEMANA 7 – Formación de galaxias&lt;br /&gt;Actividad principal: Lectura y organización de información.&lt;/p&gt;\n&lt;p&gt;Paso a paso:&lt;/p&gt;\n&lt;p&gt;Lectura de un texto sobre cómo se forman las galaxias.&lt;br /&gt;Completar un cuadro comparativo sobre tipos de galaxias.&lt;br /&gt;Actividad en eXeLearning: selección múltiple.&lt;br /&gt;Evidencia: Cuadro comparativo.&lt;/p&gt;","textFeedbackInput":"Mostrar retroalimentación","textFeedbackTextarea":""}</jsonProperties><odeComponentsOrder>1</odeComponentsOrder><odeComponentsProperties><odeComponentsProperty><key>visibility</key><value>true</value></odeComponentsProperty><odeComponentsProperty><key>teacherOnly</key><value>false</value></odeComponentsProperty><odeComponentsProperty><key>identifier</key><value/></odeComponentsProperty><odeComponentsProperty><key>cssClass</key><value/></odeComponentsProperty></odeComponentsProperties></odeComponent></odeComponents></odePagStructure></odePagStructures></odeNavStructure><odeNavStructure><odePageId>20251211173704SXOGST</odePageId><odeParentPageId>20251211173704FMMUDX</odeParentPageId><pageName>Semana 8</pageName><odeNavStructureOrder>1</odeNavStructureOrder><odeNavStructureProperties><odeNavStructureProperty><key>titleNode</key><value/></odeNavStructureProperty><odeNavStructureProperty><key>hidePageTitle</key><value>false</value></odeNavStructureProperty><odeNavStructureProperty><key>titleHtml</key><value/></odeNavStructureProperty><odeNavStructureProperty><key>editableInPage</key><value>false</value></odeNavStructureProperty><odeNavStructureProperty><key>titlePage</key><value>Semana 8</value></odeNavStructureProperty><odeNavStructureProperty><key>visibility</key><value>true</value></odeNavStructureProperty><odeNavStructureProperty><key>highlight</key><value>false</value></odeNavStructureProperty><odeNavStructureProperty><key>description</key><value/></odeNavStructureProperty></odeNavStructureProperties><odePagStructures><odePagStructure><odePageId>20251211173704SXOGST</odePageId><odeBlockId>20251211173704JBKPOU</odeBlockId><blockName>Texto</blockName><iconName/><odePagStructureOrder>1</odePagStructureOrder><odePagStructureProperties><odePagStructureProperty><key>visibility</key><value>true</value></odePagStructureProperty><odePagStructureProperty><key>teacherOnly</key><value>false</value></odePagStructureProperty><odePagStructureProperty><key>allowToggle</key><value>true</value></odePagStructureProperty><odePagStructureProperty><key>minimized</key><value>false</value></odePagStructureProperty><odePagStructureProperty><key>identifier</key><value/></odePagStructureProperty><odePagStructureProperty><key>cssClass</key><value/></odePagStructureProperty></odePagStructureProperties><odeComponents><odeComponent><odePageId>20251211173704SXOGST</odePageId><odeBlockId>20251211173704JBKPOU</odeBlockId><odeIdeviceId>202512071423002687JN</odeIdeviceId><odeIdeviceTypeName>text</odeIdeviceTypeName><htmlView>&lt;div class="exe-text-template"&gt;&lt;div class="textIdeviceContent"&gt;
            &lt;div class="exe-text-activity"&gt;
                &lt;div&gt;&lt;p&gt;SEMANA 8 – Formación de estrellas y planetas&lt;br&gt;Actividad principal: Secuencia de formación estelar.&lt;/p&gt;
&lt;p&gt;Paso a paso:&lt;/p&gt;
&lt;p&gt;Explicación: nubes de gas, gravedad, formación del núcleo estelar.&lt;br&gt;Ordenar en cuaderno las etapas del nacimiento de una estrella.&lt;br&gt;Actividad en eXeLearning tipo “ordenar pasos”.&lt;br&gt;Evidencia: Secuencia de formación estelar.&lt;br&gt;Quiz corto sobre estrellas y planetas.&lt;/p&gt;&lt;p class="clearfix"&gt;&lt;/p&gt;&lt;/div&gt;
            &lt;/div&gt;&lt;/div&gt;&lt;/div&gt;</htmlView><jsonProperties>{"ideviceId":"202512071423002687JN","textInfoDurationInput":"","textInfoDurationTextInput":"Duración","textInfoParticipantsInput":"","textInfoParticipantsTextInput":"Agrupamiento","textTextarea":"&lt;p&gt;SEMANA 8 – Formación de estrellas y planetas&lt;br /&gt;Actividad principal: Secuencia de formación estelar.&lt;/p&gt;\n&lt;p&gt;Paso a paso:&lt;/p&gt;\n&lt;p&gt;Explicación: nubes de gas, gravedad, formación del núcleo estelar.&lt;br /&gt;Ordenar en cuaderno las etapas del nacimiento de una estrella.&lt;br /&gt;Actividad en eXeLearning tipo “ordenar pasos”.&lt;br /&gt;Evidencia: Secuencia de formación estelar.&lt;br /&gt;Quiz corto sobre estrellas y planetas.&lt;/p&gt;","textFeedbackInput":"Mostrar retroalimentación","textFeedbackTextarea":""}</jsonProperties><odeComponentsOrder>1</odeComponentsOrder><odeComponentsProperties><odeComponentsProperty><key>visibility</key><value>true</value></odeComponentsProperty><odeComponentsProperty><key>teacherOnly</key><value>false</value></odeComponentsProperty><odeComponentsProperty><key>identifier</key><value/></odeComponentsProperty><odeComponentsProperty><key>cssClass</key><value/></odeComponentsProperty></odeComponentsProperties></odeComponent></odeComponents></odePagStructure></odePagStructures></odeNavStructure><odeNavStructure><odePageId>20251211173704BVSRNI</odePageId><odeParentPageId>20251211173704SXOGST</odeParentPageId><pageName>Semana 9</pageName><odeNavStructureOrder>1</odeNavStructureOrder><odeNavStructureProperties><odeNavStructureProperty><key>titleNode</key><value>Semana 9</value></odeNavStructureProperty><odeNavStructureProperty><key>hidePageTitle</key><value>false</value></odeNavStructureProperty><odeNavStructureProperty><key>titleHtml</key><value/></odeNavStructureProperty><odeNavStructureProperty><key>editableInPage</key><value>false</value></odeNavStructureProperty><odeNavStructureProperty><key>titlePage</key><value>Semana 9</value></odeNavStructureProperty><odeNavStructureProperty><key>visibility</key><value>true</value></odeNavStructureProperty><odeNavStructureProperty><key>highlight</key><value>false</value></odeNavStructureProperty><odeNavStructureProperty><key>description</key><value/></odeNavStructureProperty></odeNavStructureProperties><odePagStructures><odePagStructure><odePageId>20251211173704BVSRNI</odePageId><odeBlockId>20251211173704NZVPFG</odeBlockId><blockName>Texto</blockName><iconName/><odePagStructureOrder>1</odePagStructureOrder><odePagStructureProperties><odePagStructureProperty><key>visibility</key><value>true</value></odePagStructureProperty><odePagStructureProperty><key>teacherOnly</key><value>false</value></odePagStructureProperty><odePagStructureProperty><key>allowToggle</key><value>true</value></odePagStructureProperty><odePagStructureProperty><key>minimized</key><value>false</value></odePagStructureProperty><odePagStructureProperty><key>identifier</key><value/></odePagStructureProperty><odePagStructureProperty><key>cssClass</key><value/></odePagStructureProperty></odePagStructureProperties><odeComponents><odeComponent><odePageId>20251211173704BVSRNI</odePageId><odeBlockId>20251211173704NZVPFG</odeBlockId><odeIdeviceId>20251207142351125S6H</odeIdeviceId><odeIdeviceTypeName>text</odeIdeviceTypeName><htmlView>&lt;div class="exe-text-template"&gt;&lt;div class="textIdeviceContent"&gt;
            &lt;div class="exe-text-activity"&gt;
                &lt;div&gt;&lt;p&gt;SEMANA 9 – La Tierra en el universo&lt;br&gt;Actividad principal: Ensayo corto reflexivo.&lt;/p&gt;
&lt;p&gt;Paso a paso:&lt;/p&gt;
&lt;p&gt;Reflexión guiada: ¿qué tan pequeños somos en el universo?&lt;br&gt;Lectura: escala del universo.&lt;br&gt;Los estudiantes escriben un ensayo corto (1 párrafo):&lt;br&gt;¿Por qué es importante estudiar el universo?&lt;br&gt;Evidencia: Ensayo.&lt;br&gt;Sin quiz.&lt;br&gt;(Evaluación formativa de escritura.)&lt;/p&gt;&lt;p class="clearfix"&gt;&lt;/p&gt;&lt;/div&gt;
            &lt;/div&gt;&lt;/div&gt;&lt;/div&gt;</htmlView><jsonProperties>{"ideviceId":"20251207142351125S6H","textInfoDurationInput":"","textInfoDurationTextInput":"Duración","textInfoParticipantsInput":"","textInfoParticipantsTextInput":"Agrupamiento","textTextarea":"&lt;p&gt;SEMANA 9 – La Tierra en el universo&lt;br /&gt;Actividad principal: Ensayo corto reflexivo.&lt;/p&gt;\n&lt;p&gt;Paso a paso:&lt;/p&gt;\n&lt;p&gt;Reflexión guiada: ¿qué tan pequeños somos en el universo?&lt;br /&gt;Lectura: escala del universo.&lt;br /&gt;Los estudiantes escriben un ensayo corto (1 párrafo):&lt;br /&gt;¿Por qué es importante estudiar el universo?&lt;br /&gt;Evidencia: Ensayo.&lt;br /&gt;Sin quiz.&lt;br /&gt;(Evaluación formativa de escritura.)&lt;/p&gt;","textFeedbackInput":"Mostrar retroalimentación","textFeedbackTextarea":""}</jsonProperties><odeComponentsOrder>1</odeComponentsOrder><odeComponentsProperties><odeComponentsProperty><key>visibility</key><value>true</value></odeComponentsProperty><odeComponentsProperty><key>teacherOnly</key><value>false</value></odeComponentsProperty><odeComponentsProperty><key>identifier</key><value/></odeComponentsProperty><odeComponentsProperty><key>cssClass</key><value/></odeComponentsProperty></odeComponentsProperties></odeComponent></odeComponents></odePagStructure></odePagStructures></odeNavStructure><odeNavStructure><odePageId>20251211173704HPWDWP</odePageId><odeParentPageId>20251211173704BVSRNI</odeParentPageId><pageName>Semana 10 </pageName><odeNavStructureOrder>1</odeNavStructureOrder><odeNavStructureProperties><odeNavStructureProperty><key>titleNode</key><value/></odeNavStructureProperty><odeNavStructureProperty><key>hidePageTitle</key><value>false</value></odeNavStructureProperty><odeNavStructureProperty><key>titleHtml</key><value/></odeNavStructureProperty><odeNavStructureProperty><key>editableInPage</key><value>false</value></odeNavStructureProperty><odeNavStructureProperty><key>titlePage</key><value>Semana 10 </value></odeNavStructureProperty><odeNavStructureProperty><key>visibility</key><value>true</value></odeNavStructureProperty><odeNavStructureProperty><key>highlight</key><value>false</value></odeNavStructureProperty><odeNavStructureProperty><key>description</key><value/></odeNavStructureProperty></odeNavStructureProperties><odePagStructures><odePagStructure><odePageId>20251211173704HPWDWP</odePageId><odeBlockId>20251211173704FTRMZQ</odeBlockId><blockName>Texto</blockName><iconName/><odePagStructureOrder>1</odePagStructureOrder><odePagStructureProperties><odePagStructureProperty><key>visibility</key><value>true</value></odePagStructureProperty><odePagStructureProperty><key>teacherOnly</key><value>false</value></odePagStructureProperty><odePagStructureProperty><key>allowToggle</key><value>true</value></odePagStructureProperty><odePagStructureProperty><key>minimized</key><value>false</value></odePagStructureProperty><odePagStructureProperty><key>identifier</key><value/></odePagStructureProperty><odePagStructureProperty><key>cssClass</key><value/></odePagStructureProperty></odePagStructureProperties><odeComponents><odeComponent><odePageId>20251211173704HPWDWP</odePageId><odeBlockId>20251211173704FTRMZQ</odeBlockId><odeIdeviceId>20251207142450691XI2</odeIdeviceId><odeIdeviceTypeName>text</odeIdeviceTypeName><htmlView>&lt;div class="exe-text-template"&gt;&lt;div class="textIdeviceContent"&gt;
            &lt;div class="exe-text-activity"&gt;
                &lt;div&gt;&lt;p&gt;SEMANA 10 – Introducción a eXeLearning&lt;br&gt;Actividad principal: Exploración de la herramienta.&lt;/p&gt;
&lt;p&gt;Paso a paso:&lt;/p&gt;
&lt;p&gt;Explicación de cómo crear páginas, insertar texto y crear actividades.&lt;br&gt;Cada estudiante crea una página titulada:&lt;br&gt;“Mi universo”&lt;br&gt;Insertan una definición propia de “universo”.&lt;br&gt;Realizan su primera actividad interactiva (quiz básico).&lt;br&gt;Evidencia: Primera página en eXeLearning.&lt;br&gt;Sin quiz académico esta semana.&lt;/p&gt;&lt;p class="clearfix"&gt;&lt;/p&gt;&lt;/div&gt;
            &lt;/div&gt;&lt;/div&gt;&lt;/div&gt;</htmlView><jsonProperties>{"ideviceId":"20251207142450691XI2","textInfoDurationInput":"","textInfoDurationTextInput":"Duración","textInfoParticipantsInput":"","textInfoParticipantsTextInput":"Agrupamiento","textTextarea":"&lt;p&gt;SEMANA 10 – Introducción a eXeLearning&lt;br /&gt;Actividad principal: Exploración de la herramienta.&lt;/p&gt;\n&lt;p&gt;Paso a paso:&lt;/p&gt;\n&lt;p&gt;Explicación de cómo crear páginas, insertar texto y crear actividades.&lt;br /&gt;Cada estudiante crea una página titulada:&lt;br /&gt;“Mi universo”&lt;br /&gt;Insertan una definición propia de “universo”.&lt;br /&gt;Realizan su primera actividad interactiva (quiz básico).&lt;br /&gt;Evidencia: Primera página en eXeLearning.&lt;br /&gt;Sin quiz académico esta semana.&lt;/p&gt;","textFeedbackInput":"Mostrar retroalimentación","textFeedbackTextarea":""}</jsonProperties><odeComponentsOrder>1</odeComponentsOrder><odeComponentsProperties><odeComponentsProperty><key>visibility</key><value>true</value></odeComponentsProperty><odeComponentsProperty><key>teacherOnly</key><value>false</value></odeComponentsProperty><odeComponentsProperty><key>identifier</key><value/></odeComponentsProperty><odeComponentsProperty><key>cssClass</key><value/></odeComponentsProperty></odeComponentsProperties></odeComponent></odeComponents></odePagStructure></odePagStructures></odeNavStructure><odeNavStructure><odePageId>20251211173704WJSXRR</odePageId><odeParentPageId>20251211173704HPWDWP</odeParentPageId><pageName>Semana 11</pageName><odeNavStructureOrder>1</odeNavStructureOrder><odeNavStructureProperties><odeNavStructureProperty><key>titleNode</key><value/></odeNavStructureProperty><odeNavStructureProperty><key>hidePageTitle</key><value>false</value></odeNavStructureProperty><odeNavStructureProperty><key>titleHtml</key><value/></odeNavStructureProperty><odeNavStructureProperty><key>editableInPage</key><value>false</value></odeNavStructureProperty><odeNavStructureProperty><key>titlePage</key><value>Semana 11</value></odeNavStructureProperty><odeNavStructureProperty><key>visibility</key><value>true</value></odeNavStructureProperty><odeNavStructureProperty><key>highlight</key><value>false</value></odeNavStructureProperty><odeNavStructureProperty><key>description</key><value/></odeNavStructureProperty></odeNavStructureProperties><odePagStructures><odePagStructure><odePageId>20251211173704WJSXRR</odePageId><odeBlockId>20251211173704TGTCFH</odeBlockId><blockName>Texto</blockName><iconName/><odePagStructureOrder>1</odePagStructureOrder><odePagStructureProperties><odePagStructureProperty><key>visibility</key><value>true</value></odePagStructureProperty><odePagStructureProperty><key>teacherOnly</key><value>false</value></odePagStructureProperty><odePagStructureProperty><key>allowToggle</key><value>true</value></odePagStructureProperty><odePagStructureProperty><key>minimized</key><value>false</value></odePagStructureProperty><odePagStructureProperty><key>identifier</key><value/></odePagStructureProperty><odePagStructureProperty><key>cssClass</key><value/></odePagStructureProperty></odePagStructureProperties><odeComponents><odeComponent><odePageId>20251211173704WJSXRR</odePageId><odeBlockId>20251211173704TGTCFH</odeBlockId><odeIdeviceId>20251207142510626HTU</odeIdeviceId><odeIdeviceTypeName>text</odeIdeviceTypeName><htmlView>&lt;div class="exe-text-template"&gt;&lt;div class="textIdeviceContent"&gt;
            &lt;div class="exe-text-activity"&gt;
                &lt;div&gt;&lt;p&gt;SEMANA 11 – Proyecto final en eXeLearning&lt;br&gt;Actividad principal: Construcción del recurso digital.&lt;/p&gt;
&lt;p&gt;Paso a paso:&lt;/p&gt;
&lt;p&gt;El estudiante debe incluir:&lt;/p&gt;
&lt;p&gt;Definición del universo (Semana 2)&lt;br&gt;Línea de tiempo (Semana 4)&lt;br&gt;Mapa conceptual (Semana 6)&lt;br&gt;Actividades interactivas&lt;br&gt;Trabajo guiado por el docente.&lt;br&gt;Evidencia: Proyecto digital (producto final).&lt;br&gt;Sin quiz, porque están creando.&lt;/p&gt;&lt;p class="clearfix"&gt;&lt;/p&gt;&lt;/div&gt;
            &lt;/div&gt;&lt;/div&gt;&lt;/div&gt;</htmlView><jsonProperties>{"ideviceId":"20251207142510626HTU","textInfoDurationInput":"","textInfoDurationTextInput":"Duración","textInfoParticipantsInput":"","textInfoParticipantsTextInput":"Agrupamiento","textTextarea":"&lt;p&gt;SEMANA 11 – Proyecto final en eXeLearning&lt;br /&gt;Actividad principal: Construcción del recurso digital.&lt;/p&gt;\n&lt;p&gt;Paso a paso:&lt;/p&gt;\n&lt;p&gt;El estudiante debe incluir:&lt;/p&gt;\n&lt;p&gt;Definición del universo (Semana 2)&lt;br /&gt;Línea de tiempo (Semana 4)&lt;br /&gt;Mapa conceptual (Semana 6)&lt;br /&gt;Actividades interactivas&lt;br /&gt;Trabajo guiado por el docente.&lt;br /&gt;Evidencia: Proyecto digital (producto final).&lt;br /&gt;Sin quiz, porque están creando.&lt;/p&gt;","textFeedbackInput":"Mostrar retroalimentación","textFeedbackTextarea":""}</jsonProperties><odeComponentsOrder>1</odeComponentsOrder><odeComponentsProperties><odeComponentsProperty><key>visibility</key><value>true</value></odeComponentsProperty><odeComponentsProperty><key>teacherOnly</key><value>false</value></odeComponentsProperty><odeComponentsProperty><key>identifier</key><value/></odeComponentsProperty><odeComponentsProperty><key>cssClass</key><value/></odeComponentsProperty></odeComponentsProperties></odeComponent></odeComponents></odePagStructure></odePagStructures></odeNavStructure><odeNavStructure><odePageId>20251211173704XWRCWR</odePageId><odeParentPageId>20251211173704WJSXRR</odeParentPageId><pageName>Semana 12</pageName><odeNavStructureOrder>1</odeNavStructureOrder><odeNavStructureProperties><odeNavStructureProperty><key>titleNode</key><value/></odeNavStructureProperty><odeNavStructureProperty><key>hidePageTitle</key><value>false</value></odeNavStructureProperty><odeNavStructureProperty><key>titleHtml</key><value/></odeNavStructureProperty><odeNavStructureProperty><key>editableInPage</key><value>false</value></odeNavStructureProperty><odeNavStructureProperty><key>titlePage</key><value>Semana 12</value></odeNavStructureProperty><odeNavStructureProperty><key>visibility</key><value>true</value></odeNavStructureProperty><odeNavStructureProperty><key>highlight</key><value>false</value></odeNavStructureProperty><odeNavStructureProperty><key>description</key><value/></odeNavStructureProperty></odeNavStructureProperties><odePagStructures><odePagStructure><odePageId>20251211173704XWRCWR</odePageId><odeBlockId>20251211173704NHLOZV</odeBlockId><blockName>Texto</blockName><iconName/><odePagStructureOrder>1</odePagStructureOrder><odePagStructureProperties><odePagStructureProperty><key>visibility</key><value>true</value></odePagStructureProperty><odePagStructureProperty><key>teacherOnly</key><value>false</value></odePagStructureProperty><odePagStructureProperty><key>allowToggle</key><value>true</value></odePagStructureProperty><odePagStructureProperty><key>minimized</key><value>false</value></odePagStructureProperty><odePagStructureProperty><key>identifier</key><value/></odePagStructureProperty><odePagStructureProperty><key>cssClass</key><value/></odePagStructureProperty></odePagStructureProperties><odeComponents><odeComponent><odePageId>20251211173704XWRCWR</odePageId><odeBlockId>20251211173704NHLOZV</odeBlockId><odeIdeviceId>20251207142544431COW</odeIdeviceId><odeIdeviceTypeName>text</odeIdeviceTypeName><htmlView>&lt;div class="exe-text-template"&gt;&lt;div class="textIdeviceContent"&gt;
            &lt;div class="exe-text-activity"&gt;
                &lt;div&gt;&lt;p&gt;SEMANA 12 – Socialización, cierre y evaluación final&lt;br&gt;Actividad principal: Exposiciones y retroalimentación.&lt;/p&gt;
&lt;p&gt;Paso a paso:&lt;/p&gt;
&lt;p&gt;Los estudiantes exponen sus proyectos de eXeLearning.&lt;br&gt;Autoevaluación y coevaluación.&lt;br&gt;Explicación final del origen del universo:&lt;br&gt;¿Cómo respondemos ahora la pregunta inicial?&lt;br&gt;Evidencia: Exposición.&lt;br&gt;Evaluación final: Nota del proyecto + participación + quices previos&lt;/p&gt;&lt;p class="clearfix"&gt;&lt;/p&gt;&lt;/div&gt;
            &lt;/div&gt;&lt;/div&gt;&lt;/div&gt;</htmlView><jsonProperties>{"ideviceId":"20251207142544431COW","textInfoDurationInput":"","textInfoDurationTextInput":"Duración","textInfoParticipantsInput":"","textInfoParticipantsTextInput":"Agrupamiento","textTextarea":"&lt;p&gt;SEMANA 12 – Socialización, cierre y evaluación final&lt;br /&gt;Actividad principal: Exposiciones y retroalimentación.&lt;/p&gt;\n&lt;p&gt;Paso a paso:&lt;/p&gt;\n&lt;p&gt;Los estudiantes exponen sus proyectos de eXeLearning.&lt;br /&gt;Autoevaluación y coevaluación.&lt;br /&gt;Explicación final del origen del universo:&lt;br /&gt;¿Cómo respondemos ahora la pregunta inicial?&lt;br /&gt;Evidencia: Exposición.&lt;br /&gt;Evaluación final: Nota del proyecto + participación + quices previos&lt;/p&gt;","textFeedbackInput":"Mostrar retroalimentación","textFeedbackTextarea":""}</jsonProperties><odeComponentsOrder>1</odeComponentsOrder><odeComponentsProperties><odeComponentsProperty><key>visibility</key><value>true</value></odeComponentsProperty><odeComponentsProperty><key>teacherOnly</key><value>false</value></odeComponentsProperty><odeComponentsProperty><key>identifier</key><value/></odeComponentsProperty><odeComponentsProperty><key>cssClass</key><value/></odeComponentsProperty></odeComponentsProperties></odeComponent></odeComponents></odePagStructure></odePagStructures></odeNavStructure></odeNavStructures></ode>
